"","COD","NOMBRE","TRIM","codigo"
"1",5001,"MEDELLIN","ME","5001ME"
"2",5002,"ABEJORRAL","AB","5002AB"
"3",5004,"ABRIAQUI","AB","5004AB"
"4",5021,"ALEJANDRIA","AL","5021AL"
"5",5030,"AMAGA","AM","5030AM"
"6",5031,"AMALFI","AM","5031AM"
"7",5034,"ANDES","AN","5034AN"
"8",5036,"ANGELOPOLIS","AN","5036AN"
"9",5038,"ANGOSTURA","AN","5038AN"
"10",5040,"ANORI","AN","5040AN"
"11",5042,"SANTA FE DE ANTIOQUIA","SA","5042SA"
"12",5044,"ANZA","AN","5044AN"
"13",5045,"APARTADO","AP","5045AP"
"14",5051,"ARBOLETES","AR","5051AR"
"15",5055,"ARGELIA (ANTIOQUIA)","AR","5055AR"
"16",5059,"ARMENIA (ANTIOQUIA)","AR","5059AR"
"17",5079,"BARBOSA (ANTIOQUIA)","BA","5079BA"
"18",5086,"BELMIRA","BE","5086BE"
"19",5088,"BELLO","BE","5088BE"
"20",5091,"BETANIA","BE","5091BE"
"21",5093,"BETULIA (ANTIOQUIA)","BE","5093BE"
"22",5101,"CIUDAD BOLIVAR","CI","5101CI"
"23",5107,"BRICEÑO (ANTIOQUIA)","BR","5107BR"
"24",5113,"BURITICA","BU","5113BU"
"25",5120,"CACERES","CA","5120CA"
"26",5125,"CAICEDO","CA","5125CA"
"27",5129,"CALDAS (ANTIOQUIA)","CA","5129CA"
"28",5134,"CAMPAMENTO","CA","5134CA"
"29",5138,"CAÑASGORDAS","CA","5138CA"
"30",5142,"CARACOLI","CA","5142CA"
"31",5145,"CARAMANTA","CA","5145CA"
"32",5147,"CAREPA","CA","5147CA"
"33",5148,"EL CARMEN DE VIBORAL","EL","5148EL"
"34",5150,"CAROLINA","CA","5150CA"
"35",5154,"CAUCASIA","CA","5154CA"
"36",5172,"CHIGORODO","CH","5172CH"
"37",5190,"CISNEROS","CI","5190CI"
"38",5197,"COCORNA","CO","5197CO"
"39",5206,"CONCEPCION (ANTIOQUIA)","CO","5206CO"
"40",5209,"CONCORDIA (ANTIOQUIA)","CO","5209CO"
"41",5212,"COPACABANA","CO","5212CO"
"42",5234,"DABEIBA","DA","5234DA"
"43",5237,"DON MATIAS","DO","5237DO"
"44",5240,"EBEJICO","EB","5240EB"
"45",5250,"EL BAGRE","EL","5250EL"
"46",5264,"ENTRERRIOS","EN","5264EN"
"47",5266,"ENVIGADO","EN","5266EN"
"48",5282,"FREDONIA","FR","5282FR"
"49",5284,"FRONTINO","FR","5284FR"
"50",5306,"GIRALDO","GI","5306GI"
"51",5308,"GIRARDOTA","GI","5308GI"
"52",5310,"GOMEZ PLATA","GO","5310GO"
"53",5313,"GRANADA (ANTIOQUIA)","GR","5313GR"
"54",5315,"GUADALUPE (ANTIOQUIA)","GU","5315GU"
"55",5318,"GUARNE","GU","5318GU"
"56",5321,"GUATAPE","GU","5321GU"
"57",5347,"HELICONIA","HE","5347HE"
"58",5353,"HISPANIA","HI","5353HI"
"59",5360,"ITAGUI","IT","5360IT"
"60",5361,"ITUANGO","IT","5361IT"
"61",5364,"JARDIN","JA","5364JA"
"62",5368,"JERICO (ANTIOQUIA)","JE","5368JE"
"63",5376,"LA CEJA","LA","5376LA"
"64",5380,"LA ESTRELLA","LA","5380LA"
"65",5390,"LA PINTADA","LA","5390LA"
"66",5400,"LA UNION (ANTIOQUIA)","LA","5400LA"
"67",5411,"LIBORINA","LI","5411LI"
"68",5425,"MACEO","MA","5425MA"
"69",5440,"MARINILLA","MA","5440MA"
"70",5467,"MONTEBELLO","MO","5467MO"
"71",5475,"MURINDO","MU","5475MU"
"72",5480,"MUTATA","MU","5480MU"
"73",5483,"NARIÑO (ANTIOQUIA)","NA","5483NA"
"74",5490,"NECOCLI","NE","5490NE"
"75",5495,"NECHI","NE","5495NE"
"76",5501,"OLAYA","OL","5501OL"
"77",5541,"PEÑOL (ANTIOQUIA)","PE","5541PE"
"78",5543,"PEQUE","PE","5543PE"
"79",5576,"PUEBLORRICO (ANTIOQUIA)","PU","5576PU"
"80",5579,"PUERTO BERRIO","PU","5579PU"
"81",5585,"PUERTO NARE - LA MAGDALENA","PU","5585PU"
"82",5591,"PUERTO TRIUNFO","PU","5591PU"
"83",5604,"REMEDIOS","RE","5604RE"
"84",5607,"RETIRO","RE","5607RE"
"85",5615,"RIONEGRO (ANTIOQUIA)","RI","5615RI"
"86",5628,"SABANALARGA (ANTIOQUIA)","SA","5628SA"
"87",5631,"SABANETA","SA","5631SA"
"88",5642,"SALGAR","SA","5642SA"
"89",5647,"SAN ANDRES DE CUERQUIA (ANTIOQUIA)","SA","5647SA"
"90",5649,"SAN CARLOS (ANTIOQUIA)","SA","5649SA"
"91",5652,"SAN FRANCISCO (ANTIOQUIA)","SA","5652SA"
"92",5656,"SAN JERONIMO","SA","5656SA"
"93",5658,"SAN JOSE DE LA MONTAÑA (ANTIOQUIA)","SA","5658SA"
"94",5659,"SAN JUAN DE URABA","SA","5659SA"
"95",5660,"SAN LUIS (ANTIOQUIA)","SA","5660SA"
"96",5664,"SAN PEDRO DE LOS MILAGROS","SA","5664SA"
"97",5665,"SAN PEDRO DE URABA","SA","5665SA"
"98",5667,"SAN RAFAEL","SA","5667SA"
"99",5670,"SAN ROQUE","SA","5670SA"
"100",5674,"SAN VICENTE (ANTIOQUIA)","SA","5674SA"
"101",5679,"SANTA BARBARA (ANTIOQUIA)","SA","5679SA"
"102",5686,"SANTA ROSA DE OSOS","SA","5686SA"
"103",5690,"SANTO DOMINGO","SA","5690SA"
"104",5697,"EL SANTUARIO (ANTIOQUIA)","EL","5697EL"
"105",5736,"SEGOVIA","SE","5736SE"
"106",5756,"SONSON","SO","5756SO"
"107",5761,"SOPETRAN","SO","5761SO"
"108",5789,"TAMESIS","TA","5789TA"
"109",5790,"TARAZA","TA","5790TA"
"110",5792,"TARSO","TA","5792TA"
"111",5809,"TITIRIBI","TI","5809TI"
"112",5819,"TOLEDO (ANTIOQUIA)","TO","5819TO"
"113",5837,"TURBO","TU","5837TU"
"114",5842,"URAMITA","UR","5842UR"
"115",5847,"URRAO","UR","5847UR"
"116",5854,"VALDIVIA","VA","5854VA"
"117",5856,"VALPARAISO (ANTIOQUIA)","VA","5856VA"
"118",5858,"VEGACHI","VE","5858VE"
"119",5861,"VENECIA (ANTIOQUIA)","VE","5861VE"
"120",5873,"VIGIA DEL FUERTE","VI","5873VI"
"121",5885,"YALI","YA","5885YA"
"122",5887,"YARUMAL","YA","5887YA"
"123",5890,"YOLOMBO","YO","5890YO"
"124",5893,"YONDO","YO","5893YO"
"125",5895,"ZARAGOZA","ZA","5895ZA"
"126",5991,"ALTAMIRA (ANTIOQUIA)","AL","5991AL"
"127",5992,"SAN CRISTOBAL (ANTIOQUIA)","SA","5992SA"
"128",8001,"BARRANQUILLA","BA","8001BA"
"129",8078,"BARANOA","BA","8078BA"
"130",8137,"CAMPO DE LA CRUZ","CA","8137CA"
"131",8141,"CANDELARIA (ATLANTICO)","CA","8141CA"
"132",8296,"GALAPA","GA","8296GA"
"133",8372,"JUAN DE ACOSTA","JU","8372JU"
"134",8421,"LURUACO","LU","8421LU"
"135",8433,"MALAMBO","MA","8433MA"
"136",8436,"MANATI","MA","8436MA"
"137",8520,"PALMAR DE VARELA","PA","8520PA"
"138",8549,"PIOJO","PI","8549PI"
"139",8558,"POLONUEVO","PO","8558PO"
"140",8560,"PONEDERA","PO","8560PO"
"141",8573,"PUERTO COLOMBIA (ATLANTICO)","PU","8573PU"
"142",8606,"REPELON","RE","8606RE"
"143",8634,"SABANAGRANDE","SA","8634SA"
"144",8638,"SABANALARGA (ATLANTICO)","SA","8638SA"
"145",8675,"SANTA LUCIA","SA","8675SA"
"146",8685,"SANTO TOMAS","SA","8685SA"
"147",8758,"SOLEDAD","SO","8758SO"
"148",8770,"SUAN","SU","8770SU"
"149",8832,"TUBARA","TU","8832TU"
"150",8849,"USIACURI","US","8849US"
"151",11001,"BOGOTA D.C.","BO","11001BO"
"152",13001,"CARTAGENA","CA","13001CA"
"153",13006,"ACHI","AC","13006AC"
"154",13030,"ALTOS DEL ROSARIO","AL","13030AL"
"155",13042,"ARENAL","AR","13042AR"
"156",13052,"ARJONA","AR","13052AR"
"157",13062,"ARROYOHONDO","AR","13062AR"
"158",13074,"BARRANCO DE LOBA","BA","13074BA"
"159",13140,"CALAMAR (BOLIVAR)","CA","13140CA"
"160",13160,"CANTAGALLO","CA","13160CA"
"161",13188,"CICUCO","CI","13188CI"
"162",13212,"CORDOBA (BOLIVAR)","CO","13212CO"
"163",13222,"CLEMENCIA","CL","13222CL"
"164",13244,"EL CARMEN DE BOLIVAR","EL","13244EL"
"165",13248,"EL GUAMO","EL","13248EL"
"166",13268,"EL PEÑON (BOLIVAR)","EL","13268EL"
"167",13300,"HATILLO DE LOBA","HA","13300HA"
"168",13430,"MAGANGUE","MA","13430MA"
"169",13433,"MAHATES","MA","13433MA"
"170",13440,"MARGARITA","MA","13440MA"
"171",13442,"MARIA LA BAJA","MA","13442MA"
"172",13458,"MONTECRISTO","MO","13458MO"
"173",13468,"MOMPOS","MO","13468MO"
"174",13473,"MORALES (BOLIVAR)","MO","13473MO"
"175",13490,"NOROSÍ","NO","13490NO"
"176",13549,"PINILLOS","PI","13549PI"
"177",13580,"REGIDOR","RE","13580RE"
"178",13600,"RIO VIEJO","RI","13600RI"
"179",13620,"SAN CRISTOBAL","SA","13620SA"
"180",13647,"SAN ESTANISLAO","SA","13647SA"
"181",13650,"SAN FERNANDO","SA","13650SA"
"182",13654,"SAN JACINTO","SA","13654SA"
"183",13655,"SAN JACINTO DEL CAUCA","SA","13655SA"
"184",13657,"SAN JUAN NEPOMUCENO","SA","13657SA"
"185",13667,"SAN MARTIN DE LOBA","SA","13667SA"
"186",13670,"SAN PABLO (BOLIVAR)","SA","13670SA"
"187",13673,"SANTA CATALINA","SA","13673SA"
"188",13683,"SANTA ROSA (BOLIVAR)","SA","13683SA"
"189",13688,"SANTA ROSA DEL SUR","SA","13688SA"
"190",13744,"SIMITI","SI","13744SI"
"191",13760,"SOPLAVIENTO","SO","13760SO"
"192",13780,"TALAIGUA NUEVO","TA","13780TA"
"193",13810,"TIQUISIO","TI","13810TI"
"194",13836,"TURBACO","TU","13836TU"
"195",13838,"TURBANA","TU","13838TU"
"196",13873,"VILLANUEVA (BOLIVAR)","VI","13873VI"
"197",13894,"ZAMBRANO","ZA","13894ZA"
"198",15001,"TUNJA","TU","15001TU"
"199",15022,"ALMEIDA","AL","15022AL"
"200",15047,"AQUITANIA","AQ","15047AQ"
"201",15051,"ARCABUCO","AR","15051AR"
"202",15087,"BELEN (BOYACA)","BE","15087BE"
"203",15090,"BERBEO","BE","15090BE"
"204",15092,"BETEITIVA","BE","15092BE"
"205",15097,"BOAVITA","BO","15097BO"
"206",15104,"BOYACA","BO","15104BO"
"207",15106,"BRICEÑO (BOYACA)","BR","15106BR"
"208",15109,"BUENAVISTA (BOYACA)","BU","15109BU"
"209",15114,"BUSBANZA","BU","15114BU"
"210",15131,"CALDAS (BOYACA)","CA","15131CA"
"211",15135,"CAMPOHERMOSO","CA","15135CA"
"212",15162,"CERINZA","CE","15162CE"
"213",15172,"CHINAVITA","CH","15172CH"
"214",15176,"CHIQUINQUIRA","CH","15176CH"
"215",15180,"CHISCAS","CH","15180CH"
"216",15183,"CHITA","CH","15183CH"
"217",15185,"CHITARAQUE","CH","15185CH"
"218",15187,"CHIVATA","CH","15187CH"
"219",15189,"CIENEGA (BOYACA)","CI","15189CI"
"220",15204,"COMBITA","CO","15204CO"
"221",15212,"COPER","CO","15212CO"
"222",15215,"CORRALES","CO","15215CO"
"223",15218,"COVARACHIA","CO","15218CO"
"224",15223,"CUBARA","CU","15223CU"
"225",15224,"CUCAITA","CU","15224CU"
"226",15226,"CUITIVA","CU","15226CU"
"227",15232,"CHIQUIZA","CH","15232CH"
"228",15236,"CHIVOR","CH","15236CH"
"229",15238,"DUITAMA","DU","15238DU"
"230",15244,"EL COCUY","EL","15244EL"
"231",15248,"EL ESPINO","EL","15248EL"
"232",15272,"FIRAVITOBA","FI","15272FI"
"233",15276,"FLORESTA","FL","15276FL"
"234",15293,"GACHANTIVA","GA","15293GA"
"235",15296,"GAMEZA","GA","15296GA"
"236",15299,"GARAGOA","GA","15299GA"
"237",15317,"GUACAMAYAS","GU","15317GU"
"238",15322,"GUATEQUE","GU","15322GU"
"239",15325,"GUAYATA","GU","15325GU"
"240",15332,"GUICAN","GU","15332GU"
"241",15362,"IZA","IZ","15362IZ"
"242",15367,"JENESANO","JE","15367JE"
"243",15368,"JERICO (BOYACA)","JE","15368JE"
"244",15377,"LABRANZAGRANDE","LA","15377LA"
"245",15380,"LA CAPILLA","LA","15380LA"
"246",15401,"LA VICTORIA (BOYACA)","LA","15401LA"
"247",15403,"LA UVITA","LA","15403LA"
"248",15407,"VILLA DE LEIVA","VI","15407VI"
"249",15422,"MARIPI","MA","15422MA"
"250",15425,"MACANAL","MA","15425MA"
"251",15455,"MIRAFLORES (BOYACA)","MI","15455MI"
"252",15464,"MONGUA","MO","15464MO"
"253",15466,"MONGUI","MO","15466MO"
"254",15469,"MONIQUIRA","MO","15469MO"
"255",15476,"MOTAVITA","MO","15476MO"
"256",15480,"MUZO","MU","15480MU"
"257",15491,"NOBSA","NO","15491NO"
"258",15494,"NUEVO COLON","NU","15494NU"
"259",15500,"OICATA","OI","15500OI"
"260",15507,"OTANCHE","OT","15507OT"
"261",15511,"PACHAVITA","PA","15511PA"
"262",15514,"PAEZ (BOYACA)","PA","15514PA"
"263",15516,"PAIPA","PA","15516PA"
"264",15518,"PAJARITO","PA","15518PA"
"265",15522,"PANQUEBA","PA","15522PA"
"266",15531,"PAUNA","PA","15531PA"
"267",15533,"PAYA","PA","15533PA"
"268",15537,"PAZ DEL RIO","PA","15537PA"
"269",15542,"PESCA","PE","15542PE"
"270",15550,"PISBA","PI","15550PI"
"271",15572,"PUERTO BOYACA","PU","15572PU"
"272",15580,"QUIPAMA","QU","15580QU"
"273",15599,"RAMIRIQUI","RA","15599RA"
"274",15600,"RAQUIRA","RA","15600RA"
"275",15621,"RONDON","RO","15621RO"
"276",15632,"SABOYA","SA","15632SA"
"277",15638,"SACHICA","SA","15638SA"
"278",15646,"SAMACA","SA","15646SA"
"279",15660,"SAN EDUARDO","SA","15660SA"
"280",15664,"SAN JOSE DE PARE (BOYACA)","SA","15664SA"
"281",15667,"SAN LUIS DE GACENO","SA","15667SA"
"282",15673,"SAN MATEO","SA","15673SA"
"283",15676,"SAN MIGUEL DE SEMA","SA","15676SA"
"284",15681,"SAN PABLO DE BORBUR","SA","15681SA"
"285",15686,"SANTANA (BOYACA)","SA","15686SA"
"286",15690,"SANTA MARIA (BOYACA)","SA","15690SA"
"287",15693,"SANTA ROSA DE VITERBO","SA","15693SA"
"288",15696,"SANTA SOFIA","SA","15696SA"
"289",15720,"SATIVANORTE","SA","15720SA"
"290",15723,"SATIVASUR","SA","15723SA"
"291",15740,"SIACHOQUE","SI","15740SI"
"292",15753,"SOATA","SO","15753SO"
"293",15755,"SOCOTA","SO","15755SO"
"294",15757,"SOCHA","SO","15757SO"
"295",15759,"SOGAMOSO","SO","15759SO"
"296",15761,"SOMONDOCO","SO","15761SO"
"297",15762,"SORA","SO","15762SO"
"298",15763,"SOTAQUIRA","SO","15763SO"
"299",15764,"SORACA","SO","15764SO"
"300",15774,"SUSACON","SU","15774SU"
"301",15776,"SUTAMARCHAN","SU","15776SU"
"302",15778,"SUTATENZA","SU","15778SU"
"303",15790,"TASCO","TA","15790TA"
"304",15798,"TENZA","TE","15798TE"
"305",15804,"TIBANA","TI","15804TI"
"306",15806,"TIBASOSA","TI","15806TI"
"307",15808,"TINJACA","TI","15808TI"
"308",15810,"TIPACOQUE","TI","15810TI"
"309",15814,"TOCA","TO","15814TO"
"310",15816,"TOGUI","TO","15816TO"
"311",15820,"TOPAGA","TO","15820TO"
"312",15822,"TOTA","TO","15822TO"
"313",15832,"TUNUNGUA","TU","15832TU"
"314",15835,"TURMEQUE","TU","15835TU"
"315",15837,"TUTA","TU","15837TU"
"316",15839,"TUTAZA","TU","15839TU"
"317",15842,"UMBITA","UM","15842UM"
"318",15861,"VENTAQUEMADA","VE","15861VE"
"319",15879,"VIRACACHA","VI","15879VI"
"320",15897,"ZETAQUIRA","ZE","15897ZE"
"321",17001,"MANIZALES","MA","17001MA"
"322",17013,"AGUADAS (CALDAS)","AG","17013AG"
"323",17042,"ANSERMA","AN","17042AN"
"324",17050,"ARANZAZU","AR","17050AR"
"325",17088,"BELALCAZAR","BE","17088BE"
"326",17174,"CHINCHINA","CH","17174CH"
"327",17272,"FILADELFIA","FI","17272FI"
"328",17380,"LA DORADA","LA","17380LA"
"329",17388,"LA MERCED","LA","17388LA"
"330",17433,"MANZANARES","MA","17433MA"
"331",17442,"MARMATO","MA","17442MA"
"332",17444,"MARQUETALIA","MA","17444MA"
"333",17446,"MARULANDA","MA","17446MA"
"334",17486,"NEIRA","NE","17486NE"
"335",17495,"NORCASIA","NO","17495NO"
"336",17513,"PACORA","PA","17513PA"
"337",17524,"PALESTINA (CALDAS)","PA","17524PA"
"338",17541,"PENSILVANIA","PE","17541PE"
"339",17614,"RIOSUCIO (CALDAS)","RI","17614RI"
"340",17616,"RISARALDA (CALDAS)","RI","17616RI"
"341",17653,"SALAMINA (CALDAS)","SA","17653SA"
"342",17662,"SAMANA","SA","17662SA"
"343",17665,"SAN JOSE DE FRAGUA (CALDAS)","SA","17665SA"
"344",17777,"SUPIA","SU","17777SU"
"345",17867,"VICTORIA (CALDAS)","VI","17867VI"
"346",17873,"VILLAMARIA","VI","17873VI"
"347",17877,"VITERBO","VI","17877VI"
"348",17991,"ARAUCA (CALDAS)","AR","17991AR"
"349",17992,"BOLIVIA","BO","17992BO"
"350",17993,"FLORENCIA (CALDAS)","FL","17993FL"
"351",17995,"SAN FELIX","SA","17995SA"
"352",17996,"SAN JOSE DE RISARALDA (CALDAS)","SA","17996SA"
"353",17998,"ARBOLEDA (CALDAS)","AR","17998AR"
"354",18001,"FLORENCIA (CAQUETA)","FL","18001FL"
"355",18029,"ALBANIA (CAQUETA)","AL","18029AL"
"356",18094,"BELEN DE LOS ANDAQUIES","BE","18094BE"
"357",18150,"CARTAGENA DEL CHAIRA","CA","18150CA"
"358",18205,"CURILLO","CU","18205CU"
"359",18247,"EL DONCELLO","EL","18247EL"
"360",18256,"EL PAUJIL","EL","18256EL"
"361",18410,"LA MONTAÑITA","LA","18410LA"
"362",18460,"MILAN","MI","18460MI"
"363",18479,"MORELIA","MO","18479MO"
"364",18592,"PUERTO RICO (CAQUETA)","PU","18592PU"
"365",18610,"SAN JOSE DEL FRAGUA (CAQUETA)","SA","18610SA"
"366",18753,"SAN VICENTE DEL CAGUAN (CAQUETA)","SA","18753SA"
"367",18765,"SOLANO","SO","18765SO"
"368",18785,"SOLITA","SO","18785SO"
"369",18860,"VALPARAISO (CAQUETA)","VA","18860VA"
"370",19001,"POPAYAN","PO","19001PO"
"371",19022,"ALMAGUER","AL","19022AL"
"372",19050,"ARGELIA (CAUCA)","AR","19050AR"
"373",19075,"BALBOA (CAUCA)","BA","19075BA"
"374",19100,"BOLIVAR (CAUCA)","BO","19100BO"
"375",19110,"BUENOS AIRES","BU","19110BU"
"376",19130,"CAJIBIO","CA","19130CA"
"377",19137,"CALDONO","CA","19137CA"
"378",19142,"CALOTO","CA","19142CA"
"379",19212,"CORINTO","CO","19212CO"
"380",19256,"EL TAMBO (CAUCA)","EL","19256EL"
"381",19290,"FLORENCIA (CAUCA)","FL","19290FL"
"382",19300,"GUACHENÉ","GU","19300GU"
"383",19318,"GUAPI","GU","19318GU"
"384",19355,"INZA","IN","19355IN"
"385",19364,"JAMBALO","JA","19364JA"
"386",19392,"LA SIERRA","LA","19392LA"
"387",19397,"LA VEGA (CAUCA)","LA","19397LA"
"388",19418,"LOPEZ DE MICAY","LO","19418LO"
"389",19450,"MERCADERES","ME","19450ME"
"390",19455,"MIRANDA","MI","19455MI"
"391",19473,"MORALES (CAUCA)","MO","19473MO"
"392",19513,"PADILLA","PA","19513PA"
"393",19517,"PAEZ (CAUCA)","PA","19517PA"
"394",19532,"PATIA - EL BORDO","PA","19532PA"
"395",19533,"PIAMONTE","PI","19533PI"
"396",19548,"PIENDAMO","PI","19548PI"
"397",19573,"PUERTO TEJADA","PU","19573PU"
"398",19585,"PURACE","PU","19585PU"
"399",19622,"ROSAS","RO","19622RO"
"400",19693,"SAN SEBASTIAN (CAUCA)","SA","19693SA"
"401",19698,"SANTANDER DE QUILICHAO","SA","19698SA"
"402",19701,"SANTA ROSA (CAUCA)","SA","19701SA"
"403",19743,"SILVIA","SI","19743SI"
"404",19760,"SOTARA","SO","19760SO"
"405",19780,"SUAREZ (CAUCA)","SU","19780SU"
"406",19785,"SUCRE (CAUCA)","SU","19785SU"
"407",19807,"TIMBIO","TI","19807TI"
"408",19809,"TIMBIQUI","TI","19809TI"
"409",19821,"TORIBIO","TO","19821TO"
"410",19824,"TOTORO","TO","19824TO"
"411",19845,"VILLA RICA (CAUCA)","VI","19845VI"
"412",20001,"VALLEDUPAR","VA","20001VA"
"413",20011,"AGUACHICA","AG","20011AG"
"414",20013,"AGUSTIN CODAZZI","AG","20013AG"
"415",20032,"ASTREA","AS","20032AS"
"416",20045,"BECERRIL","BE","20045BE"
"417",20060,"BOSCONIA","BO","20060BO"
"418",20175,"CHIMICHAGUA","CH","20175CH"
"419",20178,"CHIRIGUANA","CH","20178CH"
"420",20228,"CURUMANI","CU","20228CU"
"421",20238,"EL COPEY","EL","20238EL"
"422",20250,"EL PASO","EL","20250EL"
"423",20295,"GAMARRA","GA","20295GA"
"424",20310,"GONZALEZ","GO","20310GO"
"425",20383,"LA GLORIA","LA","20383LA"
"426",20400,"LA JAGUA DE IBIRICO","LA","20400LA"
"427",20443,"MANAURE BALCON DEL CESAR (CESAR)","MA","20443MA"
"428",20517,"PAILITAS","PA","20517PA"
"429",20550,"PELAYA","PE","20550PE"
"430",20570,"PUEBLO BELLO","PU","20570PU"
"431",20614,"RIO DE ORO","RI","20614RI"
"432",20621,"ROBLES - LA PAZ (CESAR)","RO","20621RO"
"433",20710,"SAN ALBERTO","SA","20710SA"
"434",20750,"SAN DIEGO","SA","20750SA"
"435",20770,"SAN MARTIN (CESAR)","SA","20770SA"
"436",20787,"TAMALAMEQUE","TA","20787TA"
"437",23001,"MONTERIA","MO","23001MO"
"438",23068,"AYAPEL","AY","23068AY"
"439",23079,"BUENAVISTA (CORDOBA)","BU","23079BU"
"440",23090,"CANALETE","CA","23090CA"
"441",23162,"CERETE","CE","23162CE"
"442",23168,"CHIMA (CORDOBA)","CH","23168CH"
"443",23182,"CHINU","CH","23182CH"
"444",23189,"CIENAGA DE ORO","CI","23189CI"
"445",23300,"COTORRA","CO","23300CO"
"446",23350,"LA APARTADA","LA","23350LA"
"447",23417,"LORICA","LO","23417LO"
"448",23419,"LOS CORDOBAS","LO","23419LO"
"449",23464,"MOMIL","MO","23464MO"
"450",23466,"MONTELIBANO","MO","23466MO"
"451",23500,"MOÑITOS","MO","23500MO"
"452",23555,"PLANETA RICA","PL","23555PL"
"453",23570,"PUEBLO NUEVO","PU","23570PU"
"454",23574,"PUERTO ESCONDIDO","PU","23574PU"
"455",23580,"PUERTO LIBERTADOR","PU","23580PU"
"456",23586,"PURISIMA","PU","23586PU"
"457",23660,"SAHAGUN","SA","23660SA"
"458",23670,"SAN ANDRES DE SOTAVENTO","SA","23670SA"
"459",23672,"SAN ANTERO","SA","23672SA"
"460",23675,"SAN BERNARDO DEL VIENTO","SA","23675SA"
"461",23678,"SAN CARLOS (CORDOBA)","SA","23678SA"
"462",23682,"SAN JOSÉ DE URÉ","SA","23682SA"
"463",23686,"SAN PELAYO","SA","23686SA"
"464",23807,"TIERRALTA","TI","23807TI"
"465",23855,"VALENCIA","VA","23855VA"
"466",25001,"AGUA DE DIOS","AG","25001AG"
"467",25019,"ALBAN (CUNDINAMARCA)","AL","25019AL"
"468",25035,"ANAPOIMA","AN","25035AN"
"469",25040,"ANOLAIMA","AN","25040AN"
"470",25053,"ARBELAEZ","AR","25053AR"
"471",25086,"BELTRAN","BE","25086BE"
"472",25095,"BITUIMA","BI","25095BI"
"473",25099,"BOJACA","BO","25099BO"
"474",25120,"CABRERA (CUNDINAMARCA)","CA","25120CA"
"475",25123,"CACHIPAY","CA","25123CA"
"476",25126,"CAJICA","CA","25126CA"
"477",25148,"CAPARRAPI","CA","25148CA"
"478",25151,"CAQUEZA","CA","25151CA"
"479",25154,"CARMEN DE CARUPA","CA","25154CA"
"480",25168,"CHAGUANI","CH","25168CH"
"481",25175,"CHIA","CH","25175CH"
"482",25178,"CHIPAQUE","CH","25178CH"
"483",25181,"CHOACHI","CH","25181CH"
"484",25183,"CHOCONTA","CH","25183CH"
"485",25200,"COGUA","CO","25200CO"
"486",25214,"COTA","CO","25214CO"
"487",25224,"CUCUNUBA","CU","25224CU"
"488",25245,"EL COLEGIO","EL","25245EL"
"489",25258,"EL PEÑON (CUNDINAMARCA)","EL","25258EL"
"490",25260,"EL ROSAL","EL","25260EL"
"491",25269,"FACATATIVA","FA","25269FA"
"492",25279,"FOMEQUE","FO","25279FO"
"493",25281,"FOSCA","FO","25281FO"
"494",25286,"FUNZA","FU","25286FU"
"495",25288,"FUQUENE","FU","25288FU"
"496",25290,"FUSAGASUGA","FU","25290FU"
"497",25293,"GACHALA","GA","25293GA"
"498",25295,"GACHANCIPA","GA","25295GA"
"499",25297,"GACHETA","GA","25297GA"
"500",25299,"GAMA","GA","25299GA"
"501",25307,"GIRARDOT","GI","25307GI"
"502",25312,"GRANADA (CUNDINAMARCA)","GR","25312GR"
"503",25317,"GUACHETA","GU","25317GU"
"504",25320,"GUADUAS","GU","25320GU"
"505",25322,"GUASCA","GU","25322GU"
"506",25324,"GUATAQUI","GU","25324GU"
"507",25326,"GUATAVITA","GU","25326GU"
"508",25328,"GUAYABAL DE SIQUIMA","GU","25328GU"
"509",25335,"GUAYABETAL","GU","25335GU"
"510",25339,"GUTIERREZ","GU","25339GU"
"511",25368,"JERUSALEN","JE","25368JE"
"512",25372,"JUNIN","JU","25372JU"
"513",25377,"LA CALERA","LA","25377LA"
"514",25386,"LA MESA","LA","25386LA"
"515",25394,"LA PALMA","LA","25394LA"
"516",25398,"LA PEÑA","LA","25398LA"
"517",25402,"LA VEGA","LA","25402LA"
"518",25407,"LENGUAZAQUE","LE","25407LE"
"519",25426,"MACHETA","MA","25426MA"
"520",25430,"MADRID","MA","25430MA"
"521",25436,"MANTA","MA","25436MA"
"522",25438,"MEDINA","ME","25438ME"
"523",25473,"MOSQUERA (CUNDINAMARCA)","MO","25473MO"
"524",25483,"NARIÑO (CUNDINAMARCA)","NA","25483NA"
"525",25486,"NEMOCON","NE","25486NE"
"526",25488,"NILO","NI","25488NI"
"527",25489,"NIMAIMA","NI","25489NI"
"528",25491,"NOCAIMA","NO","25491NO"
"529",25506,"VENECIA - OSPINA PEREZ","VE","25506VE"
"530",25513,"PACHO","PA","25513PA"
"531",25518,"PAIME","PA","25518PA"
"532",25524,"PANDI","PA","25524PA"
"533",25530,"PARATEBUENO","PA","25530PA"
"534",25535,"PASCA","PA","25535PA"
"535",25572,"PUERTO SALGAR","PU","25572PU"
"536",25580,"PULI","PU","25580PU"
"537",25592,"QUEBRADANEGRA","QU","25592QU"
"538",25594,"QUETAME","QU","25594QU"
"539",25596,"QUIPILE","QU","25596QU"
"540",25599,"APULO - RAFAEL REYES","AP","25599AP"
"541",25612,"RICAURTE (CUNDINAMARCA)","RI","25612RI"
"542",25645,"SAN ANTONIO DE TEQUENDAMA","SA","25645SA"
"543",25649,"SAN BERNARDO (CUNDINAMARCA)","SA","25649SA"
"544",25653,"SAN CAYETANO (CUNDINAMARCA)","SA","25653SA"
"545",25658,"SAN FRANCISCO (CUNDINAMARCA)","SA","25658SA"
"546",25662,"SAN JUAN DE RIOSECO","SA","25662SA"
"547",25718,"SASAIMA","SA","25718SA"
"548",25736,"SESQUILE","SE","25736SE"
"549",25740,"SIBATE","SI","25740SI"
"550",25743,"SILVANIA","SI","25743SI"
"551",25745,"SIMIJACA","SI","25745SI"
"552",25754,"SOACHA","SO","25754SO"
"553",25758,"SOPO","SO","25758SO"
"554",25769,"SUBACHOQUE","SU","25769SU"
"555",25772,"SUESCA","SU","25772SU"
"556",25777,"SUPATA","SU","25777SU"
"557",25779,"SUSA","SU","25779SU"
"558",25781,"SUTATAUSA","SU","25781SU"
"559",25785,"TABIO","TA","25785TA"
"560",25793,"TAUSA","TA","25793TA"
"561",25797,"TENA","TE","25797TE"
"562",25799,"TENJO","TE","25799TE"
"563",25805,"TIBACUY","TI","25805TI"
"564",25807,"TIBIRITA","TI","25807TI"
"565",25815,"TOCAIMA","TO","25815TO"
"566",25817,"TOCANCIPA","TO","25817TO"
"567",25823,"TOPAIPI","TO","25823TO"
"568",25839,"UBALA","UB","25839UB"
"569",25841,"UBAQUE","UB","25841UB"
"570",25843,"UBATE","UB","25843UB"
"571",25845,"UNE","UN","25845UN"
"572",25851,"UTICA","UT","25851UT"
"573",25862,"VERGARA","VE","25862VE"
"574",25867,"VIANI","VI","25867VI"
"575",25871,"VILLAGOMEZ","VI","25871VI"
"576",25873,"VILLAPINZON","VI","25873VI"
"577",25875,"VILLETA","VI","25875VI"
"578",25878,"VIOTA","VI","25878VI"
"579",25885,"YACOPI","YA","25885YA"
"580",25898,"ZIPACON","ZI","25898ZI"
"581",25899,"ZIPAQUIRA","ZI","25899ZI"
"582",27001,"QUIBDO","QU","27001QU"
"583",27006,"ACANDI","AC","27006AC"
"584",27025,"ALTO BAUDO - PIE DE PATO","AL","27025AL"
"585",27050,"ATRATO","AT","27050AT"
"586",27073,"BAGADO","BA","27073BA"
"587",27075,"BAHIA SOLANO - MUTIS","BA","27075BA"
"588",27077,"BAJO BAUDO - PIZARRO","BA","27077BA"
"589",27082,"BAJO SAN JUAN","BA","27082BA"
"590",27086,"BELEN DE BAJIRA","BE","27086BE"
"591",27099,"BOJAYA - BELLAVISTA","BO","27099BO"
"592",27135,"EL CANTON DE SAN PABLO","EL","27135EL"
"593",27150,"CARMEN DEL DARIEN","CA","27150CA"
"594",27160,"CERTEGUI","CE","27160CE"
"595",27205,"CONDOTO","CO","27205CO"
"596",27245,"EL CARMEN DE ATRATO","EL","27245EL"
"597",27250,"EL LITORAL DE SAN JUAN","EL","27250EL"
"598",27361,"ISTMINA","IS","27361IS"
"599",27372,"JURADO","JU","27372JU"
"600",27413,"LLORO","LL","27413LL"
"601",27425,"MEDIO ATRATO","ME","27425ME"
"602",27430,"MEDIO BAUDO - BOCA DE PEPE","ME","27430ME"
"603",27450,"MEDIO SAN JUAN","ME","27450ME"
"604",27491,"NOVITA","NO","27491NO"
"605",27495,"NUQUI","NU","27495NU"
"606",27580,"RIO IRO","RI","27580RI"
"607",27600,"RIO QUITO","RI","27600RI"
"608",27615,"RIOSUCIO (CHOCO)","RI","27615RI"
"609",27660,"SAN JOSE DEL PALMAR (CHOCO)","SA","27660SA"
"610",27745,"SIPI","SI","27745SI"
"611",27787,"TADO","TA","27787TA"
"612",27800,"UNGUIA","UN","27800UN"
"613",27810,"UNION PANAMERICANA","UN","27810UN"
"614",41001,"NEIVA","NE","41001NE"
"615",41006,"ACEVEDO","AC","41006AC"
"616",41013,"AGRADO","AG","41013AG"
"617",41016,"AIPE","AI","41016AI"
"618",41020,"ALGECIRAS","AL","41020AL"
"619",41026,"ALTAMIRA","AL","41026AL"
"620",41078,"BARAYA","BA","41078BA"
"621",41132,"CAMPOALEGRE","CA","41132CA"
"622",41206,"COLOMBIA","CO","41206CO"
"623",41244,"ELIAS","EL","41244EL"
"624",41298,"GARZON","GA","41298GA"
"625",41306,"GIGANTE","GI","41306GI"
"626",41319,"GUADALUPE (HUILA)","GU","41319GU"
"627",41349,"HOBO","HO","41349HO"
"628",41357,"IQUIRA","IQ","41357IQ"
"629",41359,"ISNOS","IS","41359IS"
"630",41378,"LA ARGENTINA","LA","41378LA"
"631",41396,"LA PLATA","LA","41396LA"
"632",41483,"NATAGA","NA","41483NA"
"633",41503,"OPORAPA","OP","41503OP"
"634",41518,"PAICOL","PA","41518PA"
"635",41524,"PALERMO","PA","41524PA"
"636",41530,"PALESTINA (HUILA)","PA","41530PA"
"637",41548,"PITAL","PI","41548PI"
"638",41551,"PITALITO","PI","41551PI"
"639",41615,"RIVERA","RI","41615RI"
"640",41660,"SALADO BLANCO","SA","41660SA"
"641",41668,"SAN AGUSTIN","SA","41668SA"
"642",41676,"SANTA MARIA (HUILA)","SA","41676SA"
"643",41770,"SUAZA","SU","41770SU"
"644",41791,"TARQUI","TA","41791TA"
"645",41797,"TESALIA","TE","41797TE"
"646",41799,"TELLO","TE","41799TE"
"647",41801,"TERUEL","TE","41801TE"
"648",41807,"TIMANA","TI","41807TI"
"649",41872,"VILLAVIEJA","VI","41872VI"
"650",41885,"YAGUARA","YA","41885YA"
"651",44001,"RIOHACHA","RI","44001RI"
"652",44035,"ALBANIA (LA GUAJIRA)","AL","44035AL"
"653",44078,"BARRANCAS","BA","44078BA"
"654",44090,"DIBULLA","DI","44090DI"
"655",44098,"DISTRACCION","DI","44098DI"
"656",44110,"EL MOLINO","EL","44110EL"
"657",44279,"FONSECA","FO","44279FO"
"658",44378,"HATONUEVO","HA","44378HA"
"659",44420,"LA JAGUA DEL PILAR","LA","44420LA"
"660",44430,"MAICAO","MA","44430MA"
"661",44560,"MANAURE (GUAJIRA)","MA","44560MA"
"662",44650,"SAN JUAN DEL CESAR (LA GUAJIRA)","SA","44650SA"
"663",44847,"URIBIA","UR","44847UR"
"664",44855,"URUMITA","UR","44855UR"
"665",44874,"VILLANUEVA (LA GUAJIRA)","VI","44874VI"
"666",47001,"SANTA MARTA","SA","47001SA"
"667",47030,"ALGARROBO","AL","47030AL"
"668",47053,"ARACATACA","AR","47053AR"
"669",47058,"ARIGUANI - EL DIFICIL","AR","47058AR"
"670",47161,"CERRO DE SAN ANTONIO","CE","47161CE"
"671",47170,"CHIVOLO","CH","47170CH"
"672",47189,"CIENAGA (MAGDALENA)","CI","47189CI"
"673",47205,"CONCORDIA (MAGDALENA)","CO","47205CO"
"674",47245,"EL BANCO","EL","47245EL"
"675",47258,"EL PIÑON","EL","47258EL"
"676",47268,"EL RETEN","EL","47268EL"
"677",47288,"FUNDACION","FU","47288FU"
"678",47318,"GUAMAL (MAGDALENA)","GU","47318GU"
"679",47460,"NUEVA GRANADA - PEDRAZA","NU","47460NU"
"680",47541,"PEDRAZA","PE","47541PE"
"681",47545,"PIJIÑO DEL CARMEN","PI","47545PI"
"682",47551,"PIVIJAY","PI","47551PI"
"683",47555,"PLATO","PL","47555PL"
"684",47570,"PUEBLOVIEJO","PU","47570PU"
"685",47605,"REMOLINO","RE","47605RE"
"686",47660,"SABANAS DE SAN ANGEL","SA","47660SA"
"687",47675,"SALAMINA (MAGDALENA)","SA","47675SA"
"688",47692,"SAN SEBASTIAN DE BUENAVISTA","SA","47692SA"
"689",47703,"SAN ZENON","SA","47703SA"
"690",47707,"SANTA ANA (MAGDALENA)","SA","47707SA"
"691",47720,"SANTA BARBARA DE PINTO (MAGDALENA)","SA","47720SA"
"692",47745,"SITIONUEVO","SI","47745SI"
"693",47798,"TENERIFE","TE","47798TE"
"694",47960,"ZAPAYAN","ZA","47960ZA"
"695",47980,"ZONA BANANERA","ZO","47980ZO"
"696",50001,"VILLAVICENCIO","VI","50001VI"
"697",50006,"ACACIAS","AC","50006AC"
"698",50110,"BARRANCA DE UPIA","BA","50110BA"
"699",50124,"CABUYARO","CA","50124CA"
"700",50150,"CASTILLA LA NUEVA","CA","50150CA"
"701",50223,"CUBARRAL","CU","50223CU"
"702",50226,"CUMARAL","CU","50226CU"
"703",50245,"EL CALVARIO","EL","50245EL"
"704",50251,"EL CASTILLO","EL","50251EL"
"705",50270,"EL DORADO","EL","50270EL"
"706",50287,"FUENTE DE ORO","FU","50287FU"
"707",50313,"GRANADA (META)","GR","50313GR"
"708",50318,"GUAMAL (META)","GU","50318GU"
"709",50325,"MAPIRIPAN","MA","50325MA"
"710",50330,"MESETAS","ME","50330ME"
"711",50350,"LA MACARENA","LA","50350LA"
"712",50370,"LA URIBE","LA","50370LA"
"713",50400,"LEJANIAS","LE","50400LE"
"714",50450,"PUERTO CONCORDIA","PU","50450PU"
"715",50568,"PUERTO GAITAN","PU","50568PU"
"716",50573,"PUERTO LOPEZ","PU","50573PU"
"717",50577,"PUERTO LLERAS","PU","50577PU"
"718",50590,"PUERTO RICO (META)","PU","50590PU"
"719",50606,"RESTREPO (META)","RE","50606RE"
"720",50680,"SAN CARLOS DE GUAROA","SA","50680SA"
"721",50683,"SAN JUAN DE ARAMA","SA","50683SA"
"722",50686,"SAN JUANITO","SA","50686SA"
"723",50689,"SAN MARTIN (META)","SA","50689SA"
"724",50711,"VISTAHERMOSA","VI","50711VI"
"725",52001,"PASTO","PA","52001PA"
"726",52019,"ALBAN (NARIÑO)","AL","52019AL"
"727",52022,"ALDANA","AL","52022AL"
"728",52036,"ANCUYA","AN","52036AN"
"729",52051,"ARBOLEDA (NARIÑO)","AR","52051AR"
"730",52079,"BARBACOAS","BA","52079BA"
"731",52083,"BELEN (NARIÑO)","BE","52083BE"
"732",52110,"BUESACO","BU","52110BU"
"733",52203,"COLON - GENOVA (NARIÑO)","CO","52203CO"
"734",52207,"CONSACA","CO","52207CO"
"735",52210,"CONTADERO","CO","52210CO"
"736",52215,"CORDOBA (NARIÑO)","CO","52215CO"
"737",52224,"CUASPUD","CU","52224CU"
"738",52227,"CUMBAL","CU","52227CU"
"739",52233,"CUMBITARA","CU","52233CU"
"740",52240,"CHACHAGUI","CH","52240CH"
"741",52250,"EL CHARCO","EL","52250EL"
"742",52254,"EL PEÑOL (NARIÑO)","EL","52254EL"
"743",52256,"EL ROSARIO","EL","52256EL"
"744",52258,"EL TABLON DE GOMEZ","EL","52258EL"
"745",52260,"EL TAMBO (NARIÑO)","EL","52260EL"
"746",52287,"FUNES","FU","52287FU"
"747",52317,"GUACHUCAL","GU","52317GU"
"748",52320,"GUAITARILLA","GU","52320GU"
"749",52323,"GUALMATAN","GU","52323GU"
"750",52352,"ILES","IL","52352IL"
"751",52354,"IMUES","IM","52354IM"
"752",52356,"IPIALES","IP","52356IP"
"753",52378,"LA CRUZ","LA","52378LA"
"754",52381,"LA FLORIDA","LA","52381LA"
"755",52385,"LA LLANADA","LA","52385LA"
"756",52390,"LA TOLA","LA","52390LA"
"757",52399,"LA UNION (NARIÑO)","LA","52399LA"
"758",52405,"LEIVA","LE","52405LE"
"759",52411,"LINARES","LI","52411LI"
"760",52418,"LOS ANDES","LO","52418LO"
"761",52427,"MAGUI","MA","52427MA"
"762",52435,"MALLAMA","MA","52435MA"
"763",52473,"MOSQUERA (NARIÑO)","MO","52473MO"
"764",52480,"NARIÑO","NA","52480NA"
"765",52490,"OLAYA HERRERA","OL","52490OL"
"766",52506,"OSPINA","OS","52506OS"
"767",52520,"FRANCISCO PIZARRO","FR","52520FR"
"768",52540,"POLICARPA","PO","52540PO"
"769",52560,"POTOSI","PO","52560PO"
"770",52565,"PROVIDENCIA (NARIÑO)","PR","52565PR"
"771",52573,"PUERRES","PU","52573PU"
"772",52585,"PUPIALES","PU","52585PU"
"773",52612,"RICAURTE (NARIÑO)","RI","52612RI"
"774",52621,"ROBERTO PAYAN","RO","52621RO"
"775",52678,"SAMANIEGO","SA","52678SA"
"776",52683,"SANDONA","SA","52683SA"
"777",52685,"SAN BERNARDO (NARIÑO)","SA","52685SA"
"778",52687,"SAN LORENZO","SA","52687SA"
"779",52693,"SAN PABLO (NARIÑO)","SA","52693SA"
"780",52694,"SAN PEDRO DE CARTAGO (NARIÑO)","SA","52694SA"
"781",52696,"SANTA BARBARA (NARIÑO)","SA","52696SA"
"782",52699,"SANTACRUZ","SA","52699SA"
"783",52720,"SAPUYES","SA","52720SA"
"784",52786,"TAMINANGO","TA","52786TA"
"785",52788,"TANGUA","TA","52788TA"
"786",52835,"TUMACO","TU","52835TU"
"787",52838,"TUQUERRES","TU","52838TU"
"788",52885,"YACUANQUER","YA","52885YA"
"789",54001,"CUCUTA","CU","54001CU"
"790",54003,"ABREGO","AB","54003AB"
"791",54051,"ARBOLEDAS (NORTE SANTANDER)","AR","54051AR"
"792",54099,"BOCHALEMA","BO","54099BO"
"793",54109,"BUCARASICA","BU","54109BU"
"794",54125,"CACOTA","CA","54125CA"
"795",54128,"CACHIRA","CA","54128CA"
"796",54172,"CHINACOTA","CH","54172CH"
"797",54174,"CHITAGA","CH","54174CH"
"798",54206,"CONVENCION","CO","54206CO"
"799",54223,"CUCUTILLA","CU","54223CU"
"800",54239,"DURANIA","DU","54239DU"
"801",54245,"EL CARMEN (NORTE SANTANDER)","EL","54245EL"
"802",54250,"EL TARRA","EL","54250EL"
"803",54261,"EL ZULIA","EL","54261EL"
"804",54313,"GRAMALOTE","GR","54313GR"
"805",54344,"HACARI","HA","54344HA"
"806",54347,"HERRAN","HE","54347HE"
"807",54377,"LABATECA","LA","54377LA"
"808",54385,"LA ESPERANZA","LA","54385LA"
"809",54398,"LA PLAYA","LA","54398LA"
"810",54405,"LOS PATIOS","LO","54405LO"
"811",54418,"LOURDES","LO","54418LO"
"812",54480,"MUTISCUA","MU","54480MU"
"813",54498,"OCAÑA","OC","54498OC"
"814",54518,"PAMPLONA","PA","54518PA"
"815",54520,"PAMPLONITA","PA","54520PA"
"816",54553,"PUERTO SANTANDER (NORTE SANTANDER)","PU","54553PU"
"817",54599,"RAGONVALIA","RA","54599RA"
"818",54660,"SALAZAR","SA","54660SA"
"819",54670,"SAN CALIXTO","SA","54670SA"
"820",54673,"SAN CAYETANO (NORTE DE SANTANDER)","SA","54673SA"
"821",54680,"SANTIAGO (NORTE SANTANDER)","SA","54680SA"
"822",54720,"SARDINATA","SA","54720SA"
"823",54743,"SILOS","SI","54743SI"
"824",54800,"TEORAMA","TE","54800TE"
"825",54810,"TIBU","TI","54810TI"
"826",54820,"TOLEDO (NORTE SANTANDER)","TO","54820TO"
"827",54871,"VILLA CARO","VI","54871VI"
"828",54874,"VILLA DEL ROSARIO","VI","54874VI"
"829",63001,"ARMENIA (QUINDIO)","AR","63001AR"
"830",63111,"BUENAVISTA (QUINDIO)","BU","63111BU"
"831",63130,"CALARCA","CA","63130CA"
"832",63190,"CIRCASIA","CI","63190CI"
"833",63212,"CORDOBA (QUINDIO)","CO","63212CO"
"834",63272,"FILANDIA","FI","63272FI"
"835",63302,"GENOVA","GE","63302GE"
"836",63401,"LA TEBAIDA","LA","63401LA"
"837",63470,"MONTENEGRO","MO","63470MO"
"838",63548,"PIJAO","PI","63548PI"
"839",63594,"QUIMBAYA","QU","63594QU"
"840",63690,"SALENTO","SA","63690SA"
"841",66001,"PEREIRA","PE","66001PE"
"842",66045,"APIA","AP","66045AP"
"843",66075,"BALBOA (RISARALDA)","BA","66075BA"
"844",66088,"BELEN DE UMBRIA","BE","66088BE"
"845",66170,"DOS QUEBRADAS","DO","66170DO"
"846",66318,"GUATICA","GU","66318GU"
"847",66383,"LA CELIA","LA","66383LA"
"848",66400,"LA VIRGINIA","LA","66400LA"
"849",66440,"MARSELLA","MA","66440MA"
"850",66456,"MISTRATO","MI","66456MI"
"851",66572,"PUEBLO RICO (RISARALDA)","PU","66572PU"
"852",66594,"QUINCHIA","QU","66594QU"
"853",66682,"SANTA ROSA DE CABAL","SA","66682SA"
"854",66687,"SANTUARIO (RISARALDA)","SA","66687SA"
"855",68001,"BUCARAMANGA","BU","68001BU"
"856",68013,"AGUADA (SANTANDER)","AG","68013AG"
"857",68020,"ALBANIA (SANTANDER)","AL","68020AL"
"858",68051,"ARATOCA","AR","68051AR"
"859",68077,"BARBOSA (SANTANDER)","BA","68077BA"
"860",68079,"BARICHARA","BA","68079BA"
"861",68081,"BARRANCABERMEJA","BA","68081BA"
"862",68092,"BETULIA (SANTANDER)","BE","68092BE"
"863",68101,"BOLIVAR (SANTANDER)","BO","68101BO"
"864",68121,"CABRERA (SANTANDER)","CA","68121CA"
"865",68132,"CALIFORNIA","CA","68132CA"
"866",68147,"CAPITANEJO","CA","68147CA"
"867",68152,"CARCASI","CA","68152CA"
"868",68160,"CEPITA","CE","68160CE"
"869",68162,"CERRITO (SANTANDER)","CE","68162CE"
"870",68167,"CHARALA","CH","68167CH"
"871",68169,"CHARTA","CH","68169CH"
"872",68176,"CHIMA (SANTANDER)","CH","68176CH"
"873",68179,"CHIPATA","CH","68179CH"
"874",68190,"CIMITARRA","CI","68190CI"
"875",68207,"CONCEPCION (SANTANDER)","CO","68207CO"
"876",68209,"CONFINES","CO","68209CO"
"877",68211,"CONTRATACION","CO","68211CO"
"878",68217,"COROMORO","CO","68217CO"
"879",68229,"CURITI","CU","68229CU"
"880",68235,"EL CARMEN DE CHUCURI","EL","68235EL"
"881",68245,"EL GUACAMAYO","EL","68245EL"
"882",68250,"EL PEÑON (SANTANDER)","EL","68250EL"
"883",68255,"EL PLAYON","EL","68255EL"
"884",68264,"ENCINO","EN","68264EN"
"885",68266,"ENCISO","EN","68266EN"
"886",68271,"FLORIAN","FL","68271FL"
"887",68276,"FLORIDABLANCA","FL","68276FL"
"888",68296,"GALAN","GA","68296GA"
"889",68298,"GAMBITA","GA","68298GA"
"890",68307,"GIRON","GI","68307GI"
"891",68318,"GUACA","GU","68318GU"
"892",68320,"GUADALUPE (SANTANDER)","GU","68320GU"
"893",68322,"GUAPOTA","GU","68322GU"
"894",68324,"GUAVATA","GU","68324GU"
"895",68327,"GUEPSA","GU","68327GU"
"896",68344,"HATO","HA","68344HA"
"897",68368,"JESUS MARIA","JE","68368JE"
"898",68370,"JORDAN","JO","68370JO"
"899",68377,"LA BELLEZA","LA","68377LA"
"900",68385,"LANDAZURI","LA","68385LA"
"901",68397,"LA PAZ (SANTANDER)","LA","68397LA"
"902",68406,"LEBRIJA","LE","68406LE"
"903",68418,"LOS SANTOS","LO","68418LO"
"904",68425,"MACARAVITA","MA","68425MA"
"905",68432,"MALAGA","MA","68432MA"
"906",68444,"MATANZA","MA","68444MA"
"907",68464,"MOGOTES","MO","68464MO"
"908",68468,"MOLAGAVITA","MO","68468MO"
"909",68498,"OCAMONTE","OC","68498OC"
"910",68500,"OIBA","OI","68500OI"
"911",68502,"ONZAGA","ON","68502ON"
"912",68522,"PALMAR","PA","68522PA"
"913",68524,"PALMAS DEL SOCORRO","PA","68524PA"
"914",68533,"PARAMO","PA","68533PA"
"915",68547,"PIEDECUESTA","PI","68547PI"
"916",68549,"PINCHOTE","PI","68549PI"
"917",68572,"PUENTE NACIONAL","PU","68572PU"
"918",68573,"PUERTO PARRA","PU","68573PU"
"919",68575,"PUERTO WILCHES","PU","68575PU"
"920",68615,"RIONEGRO (SANTANDER)","RI","68615RI"
"921",68655,"SABANA DE TORRES","SA","68655SA"
"922",68669,"SAN ANDRES (SANTANDER)","SA","68669SA"
"923",68673,"SAN BENITO (SANTANDER)","SA","68673SA"
"924",68679,"SAN GIL","SA","68679SA"
"925",68682,"SAN JOAQUIN","SA","68682SA"
"926",68684,"SAN JOSE DE MIRANDA (SANTANDER)","SA","68684SA"
"927",68686,"SAN MIGUEL (SANTANDER)","SA","68686SA"
"928",68689,"SAN VICENTE DE CHUCURI (SANTANDER)","SA","68689SA"
"929",68705,"SANTA BARBARA (SANTANDER)","SA","68705SA"
"930",68720,"SANTA HELENA DEL OPON","SA","68720SA"
"931",68745,"SIMACOTA","SI","68745SI"
"932",68755,"SOCORRO","SO","68755SO"
"933",68770,"SUAITA","SU","68770SU"
"934",68773,"SUCRE (SANTANDER)","SU","68773SU"
"935",68780,"SURATA","SU","68780SU"
"936",68820,"TONA","TO","68820TO"
"937",68855,"VALLE DE SAN JOSE","VA","68855VA"
"938",68861,"VELEZ","VE","68861VE"
"939",68867,"VETAS","VE","68867VE"
"940",68872,"VILLANUEVA (SANTANDER)","VI","68872VI"
"941",68895,"ZAPATOCA","ZA","68895ZA"
"942",70001,"SINCELEJO","SI","70001SI"
"943",70110,"BUENAVISTA (SUCRE)","BU","70110BU"
"944",70124,"CAIMITO","CA","70124CA"
"945",70204,"COLOSO","CO","70204CO"
"946",70215,"COROZAL","CO","70215CO"
"947",70221,"COVEÑAS","CO","70221CO"
"948",70230,"CHALAN","CH","70230CH"
"949",70233,"EL ROBLE","EL","70233EL"
"950",70235,"GALERAS","GA","70235GA"
"951",70265,"GUARANDA","GU","70265GU"
"952",70400,"LA UNION (SUCRE)","LA","70400LA"
"953",70418,"LOS PALMITOS","LO","70418LO"
"954",70429,"MAJAGUAL","MA","70429MA"
"955",70473,"MORROA","MO","70473MO"
"956",70508,"OVEJAS","OV","70508OV"
"957",70523,"PALMITO","PA","70523PA"
"958",70670,"SAMPUES","SA","70670SA"
"959",70678,"SAN BENITO ABAD (SUCRE)","SA","70678SA"
"960",70702,"SAN JUAN DE BETULIA (SUCRE)","SA","70702SA"
"961",70708,"SAN MARCOS","SA","70708SA"
"962",70713,"SAN ONOFRE","SA","70713SA"
"963",70717,"SAN PEDRO (SUCRE)","SA","70717SA"
"964",70742,"SINCE","SI","70742SI"
"965",70771,"SUCRE (SUCRE)","SU","70771SU"
"966",70820,"TOLU","TO","70820TO"
"967",70823,"TOLUVIEJO","TO","70823TO"
"968",73001,"IBAGUE","IB","73001IB"
"969",73024,"ALPUJARRA","AL","73024AL"
"970",73026,"ALVARADO","AL","73026AL"
"971",73030,"AMBALEMA","AM","73030AM"
"972",73043,"ANZOATEGUI","AN","73043AN"
"973",73055,"ARMERO - GUAYABAL","AR","73055AR"
"974",73067,"ATACO","AT","73067AT"
"975",73124,"CAJAMARCA","CA","73124CA"
"976",73148,"CARMEN DE APICALA","CA","73148CA"
"977",73152,"CASABIANCA","CA","73152CA"
"978",73168,"CHAPARRAL","CH","73168CH"
"979",73200,"COELLO","CO","73200CO"
"980",73217,"COYAIMA","CO","73217CO"
"981",73226,"CUNDAY","CU","73226CU"
"982",73236,"DOLORES","DO","73236DO"
"983",73268,"ESPINAL","ES","73268ES"
"984",73270,"FALAN","FA","73270FA"
"985",73275,"FLANDES","FL","73275FL"
"986",73283,"FRESNO","FR","73283FR"
"987",73319,"GUAMO","GU","73319GU"
"988",73347,"HERVEO","HE","73347HE"
"989",73349,"HONDA","HO","73349HO"
"990",73352,"ICONONZO","IC","73352IC"
"991",73408,"LERIDA","LE","73408LE"
"992",73411,"LIBANO","LI","73411LI"
"993",73443,"MARIQUITA","MA","73443MA"
"994",73449,"MELGAR","ME","73449ME"
"995",73461,"MURILLO","MU","73461MU"
"996",73483,"NATAGAIMA","NA","73483NA"
"997",73504,"ORTEGA","OR","73504OR"
"998",73520,"PALOCABILDO","PA","73520PA"
"999",73547,"PIEDRAS","PI","73547PI"
"1000",73555,"PLANADAS","PL","73555PL"
"1001",73563,"PRADO","PR","73563PR"
"1002",73585,"PURIFICACION","PU","73585PU"
"1003",73616,"RIOBLANCO","RI","73616RI"
"1004",73622,"RONCESVALLES","RO","73622RO"
"1005",73624,"ROVIRA","RO","73624RO"
"1006",73671,"SALDAÑA","SA","73671SA"
"1007",73675,"SAN ANTONIO (TOLIMA)","SA","73675SA"
"1008",73678,"SAN LUIS (TOLIMA)","SA","73678SA"
"1009",73686,"SANTA ISABEL","SA","73686SA"
"1010",73770,"SUAREZ (TOLIMA)","SU","73770SU"
"1011",73854,"VALLE DE SAN JUAN","VA","73854VA"
"1012",73861,"VENADILLO","VE","73861VE"
"1013",73870,"VILLAHERMOSA","VI","73870VI"
"1014",73873,"VILLARRICA (TOLIMA)","VI","73873VI"
"1015",73993,"HERRERA","HE","73993HE"
"1016",73997,"SANTIAGO PEREZ","SA","73997SA"
"1017",76001,"CALI","CA","76001CA"
"1018",76020,"ALCALA","AL","76020AL"
"1019",76036,"ANDALUCIA","AN","76036AN"
"1020",76041,"ANSERMANUEVO","AN","76041AN"
"1021",76054,"ARGELIA (VALLE)","AR","76054AR"
"1022",76100,"BOLIVAR (VALLE)","BO","76100BO"
"1023",76109,"BUENAVENTURA","BU","76109BU"
"1024",76111,"BUGA","BU","76111BU"
"1025",76113,"BUGALAGRANDE","BU","76113BU"
"1026",76122,"CAICEDONIA","CA","76122CA"
"1027",76126,"CALIMA - DARIEN","CA","76126CA"
"1028",76130,"CANDELARIA (VALLE)","CA","76130CA"
"1029",76138,"VILLAGORGONA","VI","76138VI"
"1030",76147,"CARTAGO","CA","76147CA"
"1031",76233,"DAGUA","DA","76233DA"
"1032",76243,"EL AGUILA","EL","76243EL"
"1033",76246,"EL CAIRO","EL","76246EL"
"1034",76248,"EL CERRITO","EL","76248EL"
"1035",76250,"EL DOVIO","EL","76250EL"
"1036",76263,"PRADERA","PR","76263PR"
"1037",76275,"FLORIDA","FL","76275FL"
"1038",76306,"GINEBRA","GI","76306GI"
"1039",76318,"GUACARI","GU","76318GU"
"1040",76364,"JAMUNDI","JA","76364JA"
"1041",76377,"LA CUMBRE","LA","76377LA"
"1042",76400,"LA UNION (VALLE)","LA","76400LA"
"1043",76403,"LA VICTORIA (VALLE)","LA","76403LA"
"1044",76497,"OBANDO","OB","76497OB"
"1045",76520,"PALMIRA","PA","76520PA"
"1046",76606,"RESTREPO (VALLE)","RE","76606RE"
"1047",76616,"RIOFRIO","RI","76616RI"
"1048",76622,"ROLDANILLO","RO","76622RO"
"1049",76670,"SAN PEDRO (VALLE)","SA","76670SA"
"1050",76736,"SEVILLA","SE","76736SE"
"1051",76823,"TORO","TO","76823TO"
"1052",76828,"TRUJILLO","TR","76828TR"
"1053",76834,"TULUA","TU","76834TU"
"1054",76845,"ULLOA","UL","76845UL"
"1055",76863,"VERSALLES","VE","76863VE"
"1056",76869,"VIJES","VI","76869VI"
"1057",76890,"YOTOCO","YO","76890YO"
"1058",76892,"YUMBO","YU","76892YU"
"1059",76895,"ZARZAL","ZA","76895ZA"
"1060",81001,"ARAUCA","AR","81001AR"
"1061",81065,"ARAUQUITA","AR","81065AR"
"1062",81220,"CRAVO NORTE","CR","81220CR"
"1063",81300,"FORTUL","FO","81300FO"
"1064",81591,"PUERTO RONDON","PU","81591PU"
"1065",81736,"SARAVENA","SA","81736SA"
"1066",81794,"TAME","TA","81794TA"
"1067",85001,"YOPAL","YO","85001YO"
"1068",85010,"AGUAZUL","AG","85010AG"
"1069",85015,"CHAMEZA","CH","85015CH"
"1070",85125,"HATO COROZAL","HA","85125HA"
"1071",85136,"LA SALINA","LA","85136LA"
"1072",85139,"MANI","MA","85139MA"
"1073",85162,"MONTERREY","MO","85162MO"
"1074",85225,"NUNCHIA","NU","85225NU"
"1075",85230,"OROCUE","OR","85230OR"
"1076",85250,"PAZ DE ARIPORO","PA","85250PA"
"1077",85263,"PORE","PO","85263PO"
"1078",85279,"RECETOR","RE","85279RE"
"1079",85300,"SABANALARGA (CASANARE)","SA","85300SA"
"1080",85315,"SACAMA","SA","85315SA"
"1081",85325,"SAN LUIS DE PALENQUE (CASANARE)","SA","85325SA"
"1082",85400,"TAMARA","TA","85400TA"
"1083",85410,"TAURAMENA","TA","85410TA"
"1084",85430,"TRINIDAD","TR","85430TR"
"1085",85440,"VILLANUEVA (CASANARE)","VI","85440VI"
"1086",86001,"MOCOA","MO","86001MO"
"1087",86219,"COLON (PUTUMAYO)","CO","86219CO"
"1088",86320,"ORITO","OR","86320OR"
"1089",86568,"PUERTO ASIS","PU","86568PU"
"1090",86569,"PUERTO CAICEDO","PU","86569PU"
"1091",86571,"PUERTO GUZMAN","PU","86571PU"
"1092",86573,"PUERTO LEGUIZAMO","PU","86573PU"
"1093",86749,"SIBUNDOY","SI","86749SI"
"1094",86755,"SAN FRANCISCO (PUTUMAYO)","SA","86755SA"
"1095",86757,"SAN MIGUEL (PUTUMAYO)","SA","86757SA"
"1096",86760,"SANTIAGO (PUTUMAYO)","SA","86760SA"
"1097",86865,"VALLE DEL GUAMUEZ - LA HORMIGA","VA","86865VA"
"1098",86885,"VILLAGARZON","VI","86885VI"
"1099",88001,"SAN ANDRES (SAN ANDRES)","SA","88001SA"
"1100",88564,"PROVIDENCIA (SAN ANDRES)","PR","88564PR"
"1101",91001,"LETICIA","LE","91001LE"
"1102",91263,"EL ENCANTO - CD","EL","91263EL"
"1103",91405,"LA CHORRERA - CD","LA","91405LA"
"1104",91407,"LA PEDRERA - CD","LA","91407LA"
"1105",91430,"LA VICTORIA - CD (AMAZONAS)","LA","91430LA"
"1106",91460,"MIRITI-PARANA - CD","MI","91460MI"
"1107",91530,"PUERTO ALEGRIA - CD","PU","91530PU"
"1108",91536,"PUERTO ARICA - CD","PU","91536PU"
"1109",91540,"PUERTO NARIÑO","PU","91540PU"
"1110",91669,"PUERTO SANTANDER - CD (AMAZONAS)","PU","91669PU"
"1111",91798,"TARAPACA - CD","TA","91798TA"
"1112",94001,"PUERTO INIRIDA","PU","94001PU"
"1113",94343,"BARRANCO MINAS - CD","BA","94343BA"
"1114",94663,"MAPIRIPANA - CD","MA","94663MA"
"1115",94883,"SAN FELIPE - CD","SA","94883SA"
"1116",94884,"PUERTO COLOMBIA - CD (GUAINIA)","PU","94884PU"
"1117",94885,"LA GUADALUPE - CD","LA","94885LA"
"1118",94886,"CACAHUAL - CD","CA","94886CA"
"1119",94887,"PANA PANA - CD","PA","94887PA"
"1120",94888,"MORICHAL - CD","MO","94888MO"
"1121",95001,"SAN JOSE DEL GUAVIARE","SA","95001SA"
"1122",95015,"CALAMAR (GUAVIARE)","CA","95015CA"
"1123",95025,"EL RETORNO","EL","95025EL"
"1124",95200,"MIRAFLORES (GUAVIARE)","MI","95200MI"
"1125",95220,"MORICHAL (GUAVIARE)","MO","95220MO"
"1126",97001,"MITU","MI","97001MI"
"1127",97161,"CARURU","CA","97161CA"
"1128",97511,"PACOA - CD","PA","97511PA"
"1129",97666,"TARAIRA","TA","97666TA"
"1130",97777,"PAPUNAUA - CD","PA","97777PA"
"1131",97889,"YAVARATE - CD","YA","97889YA"
"1132",99001,"PUERTO CARREÑO","PU","99001PU"
"1133",99524,"LA PRIMAVERA","LA","99524LA"
"1134",99572,"SANTA RITA (VICHADA)","SA","99572SA"
"1135",99624,"SANTA ROSALIA","SA","99624SA"
"1136",99760,"SAN JOSE DE OCUNE","SA","99760SA"
"1137",99773,"CUMARIBO","CU","99773CU"
