COD,NOMBRE
5001,MEDELLIN
5002,ABEJORRAL
5004,ABRIAQUI
5021,ALEJANDRIA
5030,AMAGA
5031,AMALFI
5034,ANDES
5036,ANGELOPOLIS
5038,ANGOSTURA
5040,ANORI
5042,SANTA FE DE ANTIOQUIA
5044,ANZA
5045,APARTADO
5051,ARBOLETES
5055,ARGELIA (ANTIOQUIA)
5059,ARMENIA (ANTIOQUIA)
5079,BARBOSA (ANTIOQUIA)
5086,BELMIRA
5088,BELLO
5091,BETANIA
5093,BETULIA (ANTIOQUIA)
5101,CIUDAD BOLIVAR
5107,BRICEÑO (ANTIOQUIA)
5113,BURITICA
5120,CACERES
5125,CAICEDO
5129,CALDAS (ANTIOQUIA)
5134,CAMPAMENTO
5138,CAÑASGORDAS
5142,CARACOLI
5145,CARAMANTA
5147,CAREPA
5148,EL CARMEN DE VIBORAL
5150,CAROLINA
5154,CAUCASIA
5172,CHIGORODO
5190,CISNEROS
5197,COCORNA
5206,CONCEPCION (ANTIOQUIA)
5209,CONCORDIA (ANTIOQUIA)
5212,COPACABANA
5234,DABEIBA
5237,DON MATIAS
5240,EBEJICO
5250,EL BAGRE
5264,ENTRERRIOS
5266,ENVIGADO
5282,FREDONIA
5284,FRONTINO
5306,GIRALDO
5308,GIRARDOTA
5310,GOMEZ PLATA
5313,GRANADA (ANTIOQUIA)
5315,GUADALUPE (ANTIOQUIA)
5318,GUARNE
5321,GUATAPE
5347,HELICONIA
5353,HISPANIA
5360,ITAGUI
5361,ITUANGO
5364,JARDIN
5368,JERICO (ANTIOQUIA)
5376,LA CEJA
5380,LA ESTRELLA
5390,LA PINTADA
5400,LA UNION (ANTIOQUIA)
5411,LIBORINA
5425,MACEO
5440,MARINILLA
5467,MONTEBELLO
5475,MURINDO
5480,MUTATA
5483,NARIÑO (ANTIOQUIA)
5490,NECOCLI
5495,NECHI
5501,OLAYA
5541,PEÑOL (ANTIOQUIA)
5543,PEQUE
5576,PUEBLORRICO (ANTIOQUIA)
5579,PUERTO BERRIO
5585,PUERTO NARE - LA MAGDALENA
5591,PUERTO TRIUNFO
5604,REMEDIOS
5607,RETIRO
5615,RIONEGRO (ANTIOQUIA)
5628,SABANALARGA (ANTIOQUIA)
5631,SABANETA
5642,SALGAR
5647,SAN ANDRES DE CUERQUIA (ANTIOQUIA)
5649,SAN CARLOS (ANTIOQUIA)
5652,SAN FRANCISCO (ANTIOQUIA)
5656,SAN JERONIMO
5658,SAN JOSE DE LA MONTAÑA (ANTIOQUIA)
5659,SAN JUAN DE URABA
5660,SAN LUIS (ANTIOQUIA)
5664,SAN PEDRO DE LOS MILAGROS
5665,SAN PEDRO DE URABA
5667,SAN RAFAEL
5670,SAN ROQUE
5674,SAN VICENTE (ANTIOQUIA)
5679,SANTA BARBARA (ANTIOQUIA)
5686,SANTA ROSA DE OSOS
5690,SANTO DOMINGO
5697,EL SANTUARIO (ANTIOQUIA)
5736,SEGOVIA
5756,SONSON
5761,SOPETRAN
5789,TAMESIS
5790,TARAZA
5792,TARSO
5809,TITIRIBI
5819,TOLEDO (ANTIOQUIA)
5837,TURBO
5842,URAMITA
5847,URRAO
5854,VALDIVIA
5856,VALPARAISO (ANTIOQUIA)
5858,VEGACHI
5861,VENECIA (ANTIOQUIA)
5873,VIGIA DEL FUERTE
5885,YALI
5887,YARUMAL
5890,YOLOMBO
5893,YONDO
5895,ZARAGOZA
5991,ALTAMIRA (ANTIOQUIA)
5992,SAN CRISTOBAL (ANTIOQUIA)
8001,BARRANQUILLA
8078,BARANOA
8137,CAMPO DE LA CRUZ
8141,CANDELARIA (ATLANTICO)
8296,GALAPA
8372,JUAN DE ACOSTA
8421,LURUACO
8433,MALAMBO
8436,MANATI
8520,PALMAR DE VARELA
8549,PIOJO
8558,POLONUEVO
8560,PONEDERA
8573,PUERTO COLOMBIA (ATLANTICO)
8606,REPELON
8634,SABANAGRANDE
8638,SABANALARGA (ATLANTICO)
8675,SANTA LUCIA
8685,SANTO TOMAS
8758,SOLEDAD
8770,SUAN
8832,TUBARA
8849,USIACURI
11001,BOGOTA D.C.
13001,CARTAGENA
13006,ACHI
13030,ALTOS DEL ROSARIO
13042,ARENAL
13052,ARJONA
13062,ARROYOHONDO
13074,BARRANCO DE LOBA
13140,CALAMAR (BOLIVAR)
13160,CANTAGALLO
13188,CICUCO
13212,CORDOBA (BOLIVAR)
13222,CLEMENCIA
13244,EL CARMEN DE BOLIVAR
13248,EL GUAMO
13268,EL PEÑON (BOLIVAR)
13300,HATILLO DE LOBA
13430,MAGANGUE
13433,MAHATES
13440,MARGARITA
13442,MARIA LA BAJA
13458,MONTECRISTO
13468,MOMPOS
13473,MORALES (BOLIVAR)
13490,NOROSÍ
13549,PINILLOS
13580,REGIDOR
13600,RIO VIEJO
13620,SAN CRISTOBAL
13647,SAN ESTANISLAO
13650,SAN FERNANDO
13654,SAN JACINTO
13655,SAN JACINTO DEL CAUCA
13657,SAN JUAN NEPOMUCENO
13667,SAN MARTIN DE LOBA
13670,SAN PABLO (BOLIVAR)
13673,SANTA CATALINA
13683,SANTA ROSA (BOLIVAR)
13688,SANTA ROSA DEL SUR
13744,SIMITI
13760,SOPLAVIENTO
13780,TALAIGUA NUEVO
13810,TIQUISIO
13836,TURBACO
13838,TURBANA
13873,VILLANUEVA (BOLIVAR)
13894,ZAMBRANO
15001,TUNJA
15022,ALMEIDA
15047,AQUITANIA
15051,ARCABUCO
15087,BELEN (BOYACA)
15090,BERBEO
15092,BETEITIVA
15097,BOAVITA
15104,BOYACA
15106,BRICEÑO (BOYACA)
15109,BUENAVISTA (BOYACA)
15114,BUSBANZA
15131,CALDAS (BOYACA)
15135,CAMPOHERMOSO
15162,CERINZA
15172,CHINAVITA
15176,CHIQUINQUIRA
15180,CHISCAS
15183,CHITA
15185,CHITARAQUE
15187,CHIVATA
15189,CIENEGA (BOYACA)
15204,COMBITA
15212,COPER
15215,CORRALES
15218,COVARACHIA
15223,CUBARA
15224,CUCAITA
15226,CUITIVA
15232,CHIQUIZA
15236,CHIVOR
15238,DUITAMA
15244,EL COCUY
15248,EL ESPINO
15272,FIRAVITOBA
15276,FLORESTA
15293,GACHANTIVA
15296,GAMEZA
15299,GARAGOA
15317,GUACAMAYAS
15322,GUATEQUE
15325,GUAYATA
15332,GUICAN
15362,IZA
15367,JENESANO
15368,JERICO (BOYACA)
15377,LABRANZAGRANDE
15380,LA CAPILLA
15401,LA VICTORIA (BOYACA)
15403,LA UVITA
15407,VILLA DE LEIVA
15422,MARIPI
15425,MACANAL
15455,MIRAFLORES (BOYACA)
15464,MONGUA
15466,MONGUI
15469,MONIQUIRA
15476,MOTAVITA
15480,MUZO
15491,NOBSA
15494,NUEVO COLON
15500,OICATA
15507,OTANCHE
15511,PACHAVITA
15514,PAEZ (BOYACA)
15516,PAIPA
15518,PAJARITO
15522,PANQUEBA
15531,PAUNA
15533,PAYA
15537,PAZ DEL RIO
15542,PESCA
15550,PISBA
15572,PUERTO BOYACA
15580,QUIPAMA
15599,RAMIRIQUI
15600,RAQUIRA
15621,RONDON
15632,SABOYA
15638,SACHICA
15646,SAMACA
15660,SAN EDUARDO
15664,SAN JOSE DE PARE (BOYACA)
15667,SAN LUIS DE GACENO
15673,SAN MATEO
15676,SAN MIGUEL DE SEMA
15681,SAN PABLO DE BORBUR
15686,SANTANA (BOYACA)
15690,SANTA MARIA (BOYACA)
15693,SANTA ROSA DE VITERBO
15696,SANTA SOFIA
15720,SATIVANORTE
15723,SATIVASUR
15740,SIACHOQUE
15753,SOATA
15755,SOCOTA
15757,SOCHA
15759,SOGAMOSO
15761,SOMONDOCO
15762,SORA
15763,SOTAQUIRA
15764,SORACA
15774,SUSACON
15776,SUTAMARCHAN
15778,SUTATENZA
15790,TASCO
15798,TENZA
15804,TIBANA
15806,TIBASOSA
15808,TINJACA
15810,TIPACOQUE
15814,TOCA
15816,TOGUI
15820,TOPAGA
15822,TOTA
15832,TUNUNGUA
15835,TURMEQUE
15837,TUTA
15839,TUTAZA
15842,UMBITA
15861,VENTAQUEMADA
15879,VIRACACHA
15897,ZETAQUIRA
17001,MANIZALES
17013,AGUADAS (CALDAS)
17042,ANSERMA
17050,ARANZAZU
17088,BELALCAZAR
17174,CHINCHINA
17272,FILADELFIA
17380,LA DORADA
17388,LA MERCED
17433,MANZANARES
17442,MARMATO
17444,MARQUETALIA
17446,MARULANDA
17486,NEIRA
17495,NORCASIA
17513,PACORA
17524,PALESTINA (CALDAS)
17541,PENSILVANIA
17614,RIOSUCIO (CALDAS)
17616,RISARALDA (CALDAS)
17653,SALAMINA (CALDAS)
17662,SAMANA
17665,SAN JOSE DE FRAGUA (CALDAS)
17777,SUPIA
17867,VICTORIA (CALDAS)
17873,VILLAMARIA
17877,VITERBO
17991,ARAUCA (CALDAS)
17992,BOLIVIA
17993,FLORENCIA (CALDAS)
17995,SAN FELIX
17996,SAN JOSE DE RISARALDA (CALDAS)
17998,ARBOLEDA (CALDAS)
18001,FLORENCIA (CAQUETA)
18029,ALBANIA (CAQUETA)
18094,BELEN DE LOS ANDAQUIES
18150,CARTAGENA DEL CHAIRA
18205,CURILLO
18247,EL DONCELLO
18256,EL PAUJIL
18410,LA MONTAÑITA
18460,MILAN
18479,MORELIA
18592,PUERTO RICO (CAQUETA)
18610,SAN JOSE DEL FRAGUA (CAQUETA)
18753,SAN VICENTE DEL CAGUAN (CAQUETA)
18765,SOLANO
18785,SOLITA
18860,VALPARAISO (CAQUETA)
19001,POPAYAN
19022,ALMAGUER
19050,ARGELIA (CAUCA)
19075,BALBOA (CAUCA)
19100,BOLIVAR (CAUCA)
19110,BUENOS AIRES
19130,CAJIBIO
19137,CALDONO
19142,CALOTO
19212,CORINTO
19256,EL TAMBO (CAUCA)
19290,FLORENCIA (CAUCA)
19300,GUACHENÉ
19318,GUAPI
19355,INZA
19364,JAMBALO
19392,LA SIERRA
19397,LA VEGA (CAUCA)
19418,LOPEZ DE MICAY
19450,MERCADERES
19455,MIRANDA
19473,MORALES (CAUCA)
19513,PADILLA
19517,PAEZ (CAUCA)
19532,PATIA - EL BORDO
19533,PIAMONTE
19548,PIENDAMO
19573,PUERTO TEJADA
19585,PURACE
19622,ROSAS
19693,SAN SEBASTIAN (CAUCA)
19698,SANTANDER DE QUILICHAO
19701,SANTA ROSA (CAUCA)
19743,SILVIA
19760,SOTARA
19780,SUAREZ (CAUCA)
19785,SUCRE (CAUCA)
19807,TIMBIO
19809,TIMBIQUI
19821,TORIBIO
19824,TOTORO
19845,VILLA RICA (CAUCA)
20001,VALLEDUPAR
20011,AGUACHICA
20013,AGUSTIN CODAZZI
20032,ASTREA
20045,BECERRIL
20060,BOSCONIA
20175,CHIMICHAGUA
20178,CHIRIGUANA
20228,CURUMANI
20238,EL COPEY
20250,EL PASO
20295,GAMARRA
20310,GONZALEZ
20383,LA GLORIA
20400,LA JAGUA DE IBIRICO
20443,MANAURE BALCON DEL CESAR (CESAR)
20517,PAILITAS
20550,PELAYA
20570,PUEBLO BELLO
20614,RIO DE ORO
20621,ROBLES - LA PAZ (CESAR)
20710,SAN ALBERTO
20750,SAN DIEGO
20770,SAN MARTIN (CESAR)
20787,TAMALAMEQUE
23001,MONTERIA
23068,AYAPEL
23079,BUENAVISTA (CORDOBA)
23090,CANALETE
23162,CERETE
23168,CHIMA (CORDOBA)
23182,CHINU
23189,CIENAGA DE ORO
23300,COTORRA
23350,LA APARTADA
23417,LORICA
23419,LOS CORDOBAS
23464,MOMIL
23466,MONTELIBANO
23500,MOÑITOS
23555,PLANETA RICA
23570,PUEBLO NUEVO
23574,PUERTO ESCONDIDO
23580,PUERTO LIBERTADOR
23586,PURISIMA
23660,SAHAGUN
23670,SAN ANDRES DE SOTAVENTO
23672,SAN ANTERO
23675,SAN BERNARDO DEL VIENTO
23678,SAN CARLOS (CORDOBA)
23682,SAN JOSÉ DE URÉ
23686,SAN PELAYO
23807,TIERRALTA
23855,VALENCIA
25001,AGUA DE DIOS
25019,ALBAN (CUNDINAMARCA)
25035,ANAPOIMA
25040,ANOLAIMA
25053,ARBELAEZ
25086,BELTRAN
25095,BITUIMA
25099,BOJACA
25120,CABRERA (CUNDINAMARCA)
25123,CACHIPAY
25126,CAJICA
25148,CAPARRAPI
25151,CAQUEZA
25154,CARMEN DE CARUPA
25168,CHAGUANI
25175,CHIA
25178,CHIPAQUE
25181,CHOACHI
25183,CHOCONTA
25200,COGUA
25214,COTA
25224,CUCUNUBA
25245,EL COLEGIO
25258,EL PEÑON (CUNDINAMARCA)
25260,EL ROSAL
25269,FACATATIVA
25279,FOMEQUE
25281,FOSCA
25286,FUNZA
25288,FUQUENE
25290,FUSAGASUGA
25293,GACHALA
25295,GACHANCIPA
25297,GACHETA
25299,GAMA
25307,GIRARDOT
25312,GRANADA (CUNDINAMARCA)
25317,GUACHETA
25320,GUADUAS
25322,GUASCA
25324,GUATAQUI
25326,GUATAVITA
25328,GUAYABAL DE SIQUIMA
25335,GUAYABETAL
25339,GUTIERREZ
25368,JERUSALEN
25372,JUNIN
25377,LA CALERA
25386,LA MESA
25394,LA PALMA
25398,LA PEÑA
25402,LA VEGA
25407,LENGUAZAQUE
25426,MACHETA
25430,MADRID
25436,MANTA
25438,MEDINA
25473,MOSQUERA (CUNDINAMARCA)
25483,NARIÑO (CUNDINAMARCA)
25486,NEMOCON
25488,NILO
25489,NIMAIMA
25491,NOCAIMA
25506,VENECIA - OSPINA PEREZ
25513,PACHO
25518,PAIME
25524,PANDI
25530,PARATEBUENO
25535,PASCA
25572,PUERTO SALGAR
25580,PULI
25592,QUEBRADANEGRA
25594,QUETAME
25596,QUIPILE
25599,APULO - RAFAEL REYES
25612,RICAURTE (CUNDINAMARCA)
25645,SAN ANTONIO DE TEQUENDAMA
25649,SAN BERNARDO (CUNDINAMARCA)
25653,SAN CAYETANO (CUNDINAMARCA)
25658,SAN FRANCISCO (CUNDINAMARCA)
25662,SAN JUAN DE RIOSECO
25718,SASAIMA
25736,SESQUILE
25740,SIBATE
25743,SILVANIA
25745,SIMIJACA
25754,SOACHA
25758,SOPO
25769,SUBACHOQUE
25772,SUESCA
25777,SUPATA
25779,SUSA
25781,SUTATAUSA
25785,TABIO
25793,TAUSA
25797,TENA
25799,TENJO
25805,TIBACUY
25807,TIBIRITA
25815,TOCAIMA
25817,TOCANCIPA
25823,TOPAIPI
25839,UBALA
25841,UBAQUE
25843,UBATE
25845,UNE
25851,UTICA
25862,VERGARA
25867,VIANI
25871,VILLAGOMEZ
25873,VILLAPINZON
25875,VILLETA
25878,VIOTA
25885,YACOPI
25898,ZIPACON
25899,ZIPAQUIRA
27001,QUIBDO
27006,ACANDI
27025,ALTO BAUDO - PIE DE PATO
27050,ATRATO
27073,BAGADO
27075,BAHIA SOLANO - MUTIS
27077,BAJO BAUDO - PIZARRO
27082,BAJO SAN JUAN
27086,BELEN DE BAJIRA
27099,BOJAYA - BELLAVISTA
27135,EL CANTON DE SAN PABLO
27150,CARMEN DEL DARIEN
27160,CERTEGUI
27205,CONDOTO
27245,EL CARMEN DE ATRATO
27250,EL LITORAL DE SAN JUAN
27361,ISTMINA
27372,JURADO
27413,LLORO
27425,MEDIO ATRATO
27430,MEDIO BAUDO - BOCA DE PEPE
27450,MEDIO SAN JUAN
27491,NOVITA
27495,NUQUI
27580,RIO IRO
27600,RIO QUITO
27615,RIOSUCIO (CHOCO)
27660,SAN JOSE DEL PALMAR (CHOCO)
27745,SIPI
27787,TADO
27800,UNGUIA
27810,UNION PANAMERICANA
41001,NEIVA
41006,ACEVEDO
41013,AGRADO
41016,AIPE
41020,ALGECIRAS
41026,ALTAMIRA
41078,BARAYA
41132,CAMPOALEGRE
41206,COLOMBIA
41244,ELIAS
41298,GARZON
41306,GIGANTE
41319,GUADALUPE (HUILA)
41349,HOBO
41357,IQUIRA
41359,ISNOS
41378,LA ARGENTINA
41396,LA PLATA
41483,NATAGA
41503,OPORAPA
41518,PAICOL
41524,PALERMO
41530,PALESTINA (HUILA)
41548,PITAL
41551,PITALITO
41615,RIVERA
41660,SALADO BLANCO
41668,SAN AGUSTIN
41676,SANTA MARIA (HUILA)
41770,SUAZA
41791,TARQUI
41797,TESALIA
41799,TELLO
41801,TERUEL
41807,TIMANA
41872,VILLAVIEJA
41885,YAGUARA
44001,RIOHACHA
44035,ALBANIA (LA GUAJIRA)
44078,BARRANCAS
44090,DIBULLA
44098,DISTRACCION
44110,EL MOLINO
44279,FONSECA
44378,HATONUEVO
44420,LA JAGUA DEL PILAR
44430,MAICAO
44560,MANAURE (GUAJIRA)
44650,SAN JUAN DEL CESAR (LA GUAJIRA)
44847,URIBIA
44855,URUMITA
44874,VILLANUEVA (LA GUAJIRA)
47001,SANTA MARTA
47030,ALGARROBO
47053,ARACATACA
47058,ARIGUANI - EL DIFICIL
47161,CERRO DE SAN ANTONIO
47170,CHIVOLO
47189,CIENAGA (MAGDALENA)
47205,CONCORDIA (MAGDALENA)
47245,EL BANCO
47258,EL PIÑON
47268,EL RETEN
47288,FUNDACION
47318,GUAMAL (MAGDALENA)
47460,NUEVA GRANADA - PEDRAZA
47541,PEDRAZA
47545,PIJIÑO DEL CARMEN
47551,PIVIJAY
47555,PLATO
47570,PUEBLOVIEJO
47605,REMOLINO
47660,SABANAS DE SAN ANGEL
47675,SALAMINA (MAGDALENA)
47692,SAN SEBASTIAN DE BUENAVISTA
47703,SAN ZENON
47707,SANTA ANA (MAGDALENA)
47720,SANTA BARBARA DE PINTO (MAGDALENA)
47745,SITIONUEVO
47798,TENERIFE
47960,ZAPAYAN
47980,ZONA BANANERA
50001,VILLAVICENCIO
50006,ACACIAS
50110,BARRANCA DE UPIA
50124,CABUYARO
50150,CASTILLA LA NUEVA
50223,CUBARRAL
50226,CUMARAL
50245,EL CALVARIO
50251,EL CASTILLO
50270,EL DORADO
50287,FUENTE DE ORO
50313,GRANADA (META)
50318,GUAMAL (META)
50325,MAPIRIPAN
50330,MESETAS
50350,LA MACARENA
50370,LA URIBE
50400,LEJANIAS
50450,PUERTO CONCORDIA
50568,PUERTO GAITAN
50573,PUERTO LOPEZ
50577,PUERTO LLERAS
50590,PUERTO RICO (META)
50606,RESTREPO (META)
50680,SAN CARLOS DE GUAROA
50683,SAN JUAN DE ARAMA
50686,SAN JUANITO
50689,SAN MARTIN (META)
50711,VISTAHERMOSA
52001,PASTO
52019,ALBAN (NARIÑO)
52022,ALDANA
52036,ANCUYA
52051,ARBOLEDA (NARIÑO)
52079,BARBACOAS
52083,BELEN (NARIÑO)
52110,BUESACO
52203,COLON - GENOVA (NARIÑO)
52207,CONSACA
52210,CONTADERO
52215,CORDOBA (NARIÑO)
52224,CUASPUD
52227,CUMBAL
52233,CUMBITARA
52240,CHACHAGUI
52250,EL CHARCO
52254,EL PEÑOL (NARIÑO)
52256,EL ROSARIO
52258,EL TABLON DE GOMEZ
52260,EL TAMBO (NARIÑO)
52287,FUNES
52317,GUACHUCAL
52320,GUAITARILLA
52323,GUALMATAN
52352,ILES
52354,IMUES
52356,IPIALES
52378,LA CRUZ
52381,LA FLORIDA
52385,LA LLANADA
52390,LA TOLA
52399,LA UNION (NARIÑO)
52405,LEIVA
52411,LINARES
52418,LOS ANDES
52427,MAGUI
52435,MALLAMA
52473,MOSQUERA (NARIÑO)
52480,NARIÑO
52490,OLAYA HERRERA
52506,OSPINA
52520,FRANCISCO PIZARRO
52540,POLICARPA
52560,POTOSI
52565,PROVIDENCIA (NARIÑO)
52573,PUERRES
52585,PUPIALES
52612,RICAURTE (NARIÑO)
52621,ROBERTO PAYAN
52678,SAMANIEGO
52683,SANDONA
52685,SAN BERNARDO (NARIÑO)
52687,SAN LORENZO
52693,SAN PABLO (NARIÑO)
52694,SAN PEDRO DE CARTAGO (NARIÑO)
52696,SANTA BARBARA (NARIÑO)
52699,SANTACRUZ
52720,SAPUYES
52786,TAMINANGO
52788,TANGUA
52835,TUMACO
52838,TUQUERRES
52885,YACUANQUER
54001,CUCUTA
54003,ABREGO
54051,ARBOLEDAS (NORTE SANTANDER)
54099,BOCHALEMA
54109,BUCARASICA
54125,CACOTA
54128,CACHIRA
54172,CHINACOTA
54174,CHITAGA
54206,CONVENCION
54223,CUCUTILLA
54239,DURANIA
54245,EL CARMEN (NORTE SANTANDER)
54250,EL TARRA
54261,EL ZULIA
54313,GRAMALOTE
54344,HACARI
54347,HERRAN
54377,LABATECA
54385,LA ESPERANZA
54398,LA PLAYA
54405,LOS PATIOS
54418,LOURDES
54480,MUTISCUA
54498,OCAÑA
54518,PAMPLONA
54520,PAMPLONITA
54553,PUERTO SANTANDER (NORTE SANTANDER)
54599,RAGONVALIA
54660,SALAZAR
54670,SAN CALIXTO
54673,SAN CAYETANO (NORTE DE SANTANDER)
54680,SANTIAGO (NORTE SANTANDER)
54720,SARDINATA
54743,SILOS
54800,TEORAMA
54810,TIBU
54820,TOLEDO (NORTE SANTANDER)
54871,VILLA CARO
54874,VILLA DEL ROSARIO
63001,ARMENIA (QUINDIO)
63111,BUENAVISTA (QUINDIO)
63130,CALARCA
63190,CIRCASIA
63212,CORDOBA (QUINDIO)
63272,FILANDIA
63302,GENOVA
63401,LA TEBAIDA
63470,MONTENEGRO
63548,PIJAO
63594,QUIMBAYA
63690,SALENTO
66001,PEREIRA
66045,APIA
66075,BALBOA (RISARALDA)
66088,BELEN DE UMBRIA
66170,DOS QUEBRADAS
66318,GUATICA
66383,LA CELIA
66400,LA VIRGINIA
66440,MARSELLA
66456,MISTRATO
66572,PUEBLO RICO (RISARALDA)
66594,QUINCHIA
66682,SANTA ROSA DE CABAL
66687,SANTUARIO (RISARALDA)
68001,BUCARAMANGA
68013,AGUADA (SANTANDER)
68020,ALBANIA (SANTANDER)
68051,ARATOCA
68077,BARBOSA (SANTANDER)
68079,BARICHARA
68081,BARRANCABERMEJA
68092,BETULIA (SANTANDER)
68101,BOLIVAR (SANTANDER)
68121,CABRERA (SANTANDER)
68132,CALIFORNIA
68147,CAPITANEJO
68152,CARCASI
68160,CEPITA
68162,CERRITO (SANTANDER)
68167,CHARALA
68169,CHARTA
68176,CHIMA (SANTANDER)
68179,CHIPATA
68190,CIMITARRA
68207,CONCEPCION (SANTANDER)
68209,CONFINES
68211,CONTRATACION
68217,COROMORO
68229,CURITI
68235,EL CARMEN DE CHUCURI
68245,EL GUACAMAYO
68250,EL PEÑON (SANTANDER)
68255,EL PLAYON
68264,ENCINO
68266,ENCISO
68271,FLORIAN
68276,FLORIDABLANCA
68296,GALAN
68298,GAMBITA
68307,GIRON
68318,GUACA
68320,GUADALUPE (SANTANDER)
68322,GUAPOTA
68324,GUAVATA
68327,GUEPSA
68344,HATO
68368,JESUS MARIA
68370,JORDAN
68377,LA BELLEZA
68385,LANDAZURI
68397,LA PAZ (SANTANDER)
68406,LEBRIJA
68418,LOS SANTOS
68425,MACARAVITA
68432,MALAGA
68444,MATANZA
68464,MOGOTES
68468,MOLAGAVITA
68498,OCAMONTE
68500,OIBA
68502,ONZAGA
68522,PALMAR
68524,PALMAS DEL SOCORRO
68533,PARAMO
68547,PIEDECUESTA
68549,PINCHOTE
68572,PUENTE NACIONAL
68573,PUERTO PARRA
68575,PUERTO WILCHES
68615,RIONEGRO (SANTANDER)
68655,SABANA DE TORRES
68669,SAN ANDRES (SANTANDER)
68673,SAN BENITO (SANTANDER)
68679,SAN GIL
68682,SAN JOAQUIN
68684,SAN JOSE DE MIRANDA (SANTANDER)
68686,SAN MIGUEL (SANTANDER)
68689,SAN VICENTE DE CHUCURI (SANTANDER)
68705,SANTA BARBARA (SANTANDER)
68720,SANTA HELENA DEL OPON
68745,SIMACOTA
68755,SOCORRO
68770,SUAITA
68773,SUCRE (SANTANDER)
68780,SURATA
68820,TONA
68855,VALLE DE SAN JOSE
68861,VELEZ
68867,VETAS
68872,VILLANUEVA (SANTANDER)
68895,ZAPATOCA
70001,SINCELEJO
70110,BUENAVISTA (SUCRE)
70124,CAIMITO
70204,COLOSO
70215,COROZAL
70221,COVEÑAS
70230,CHALAN
70233,EL ROBLE
70235,GALERAS
70265,GUARANDA
70400,LA UNION (SUCRE)
70418,LOS PALMITOS
70429,MAJAGUAL
70473,MORROA
70508,OVEJAS
70523,PALMITO
70670,SAMPUES
70678,SAN BENITO ABAD (SUCRE)
70702,SAN JUAN DE BETULIA (SUCRE)
70708,SAN MARCOS
70713,SAN ONOFRE
70717,SAN PEDRO (SUCRE)
70742,SINCE
70771,SUCRE (SUCRE)
70820,TOLU
70823,TOLUVIEJO
73001,IBAGUE
73024,ALPUJARRA
73026,ALVARADO
73030,AMBALEMA
73043,ANZOATEGUI
73055,ARMERO - GUAYABAL
73067,ATACO
73124,CAJAMARCA
73148,CARMEN DE APICALA
73152,CASABIANCA
73168,CHAPARRAL
73200,COELLO
73217,COYAIMA
73226,CUNDAY
73236,DOLORES
73268,ESPINAL
73270,FALAN
73275,FLANDES
73283,FRESNO
73319,GUAMO
73347,HERVEO
73349,HONDA
73352,ICONONZO
73408,LERIDA
73411,LIBANO
73443,MARIQUITA
73449,MELGAR
73461,MURILLO
73483,NATAGAIMA
73504,ORTEGA
73520,PALOCABILDO
73547,PIEDRAS
73555,PLANADAS
73563,PRADO
73585,PURIFICACION
73616,RIOBLANCO
73622,RONCESVALLES
73624,ROVIRA
73671,SALDAÑA
73675,SAN ANTONIO (TOLIMA)
73678,SAN LUIS (TOLIMA)
73686,SANTA ISABEL
73770,SUAREZ (TOLIMA)
73854,VALLE DE SAN JUAN
73861,VENADILLO
73870,VILLAHERMOSA
73873,VILLARRICA (TOLIMA)
73993,HERRERA
73997,SANTIAGO PEREZ
76001,CALI
76020,ALCALA
76036,ANDALUCIA
76041,ANSERMANUEVO
76054,ARGELIA (VALLE)
76100,BOLIVAR (VALLE)
76109,BUENAVENTURA
76111,BUGA
76113,BUGALAGRANDE
76122,CAICEDONIA
76126,CALIMA - DARIEN
76130,CANDELARIA (VALLE)
76138,VILLAGORGONA
76147,CARTAGO
76233,DAGUA
76243,EL AGUILA
76246,EL CAIRO
76248,EL CERRITO
76250,EL DOVIO
76263,PRADERA
76275,FLORIDA
76306,GINEBRA
76318,GUACARI
76364,JAMUNDI
76377,LA CUMBRE
76400,LA UNION (VALLE)
76403,LA VICTORIA (VALLE)
76497,OBANDO
76520,PALMIRA
76606,RESTREPO (VALLE)
76616,RIOFRIO
76622,ROLDANILLO
76670,SAN PEDRO (VALLE)
76736,SEVILLA
76823,TORO
76828,TRUJILLO
76834,TULUA
76845,ULLOA
76863,VERSALLES
76869,VIJES
76890,YOTOCO
76892,YUMBO
76895,ZARZAL
81001,ARAUCA
81065,ARAUQUITA
81220,CRAVO NORTE
81300,FORTUL
81591,PUERTO RONDON
81736,SARAVENA
81794,TAME
85001,YOPAL
85010,AGUAZUL
85015,CHAMEZA
85125,HATO COROZAL
85136,LA SALINA
85139,MANI
85162,MONTERREY
85225,NUNCHIA
85230,OROCUE
85250,PAZ DE ARIPORO
85263,PORE
85279,RECETOR
85300,SABANALARGA (CASANARE)
85315,SACAMA
85325,SAN LUIS DE PALENQUE (CASANARE)
85400,TAMARA
85410,TAURAMENA
85430,TRINIDAD
85440,VILLANUEVA (CASANARE)
86001,MOCOA
86219,COLON (PUTUMAYO)
86320,ORITO
86568,PUERTO ASIS
86569,PUERTO CAICEDO
86571,PUERTO GUZMAN
86573,PUERTO LEGUIZAMO
86749,SIBUNDOY
86755,SAN FRANCISCO (PUTUMAYO)
86757,SAN MIGUEL (PUTUMAYO)
86760,SANTIAGO (PUTUMAYO)
86865,VALLE DEL GUAMUEZ - LA HORMIGA
86885,VILLAGARZON
88001,SAN ANDRES (SAN ANDRES)
88564,PROVIDENCIA (SAN ANDRES)
91001,LETICIA
91263,EL ENCANTO - CD
91405,LA CHORRERA - CD
91407,LA PEDRERA - CD
91430,LA VICTORIA - CD (AMAZONAS)
91460,MIRITI-PARANA - CD
91530,PUERTO ALEGRIA - CD
91536,PUERTO ARICA - CD
91540,PUERTO NARIÑO
91669,PUERTO SANTANDER - CD (AMAZONAS)
91798,TARAPACA - CD
94001,PUERTO INIRIDA
94343,BARRANCO MINAS - CD
94663,MAPIRIPANA - CD
94883,SAN FELIPE - CD
94884,PUERTO COLOMBIA - CD (GUAINIA)
94885,LA GUADALUPE - CD
94886,CACAHUAL - CD
94887,PANA PANA - CD
94888,MORICHAL - CD
95001,SAN JOSE DEL GUAVIARE
95015,CALAMAR (GUAVIARE)
95025,EL RETORNO
95200,MIRAFLORES (GUAVIARE)
95220,MORICHAL (GUAVIARE)
97001,MITU
97161,CARURU
97511,PACOA - CD
97666,TARAIRA
97777,PAPUNAUA - CD
97889,YAVARATE - CD
99001,PUERTO CARREÑO
99524,LA PRIMAVERA
99572,SANTA RITA (VICHADA)
99624,SANTA ROSALIA
99760,SAN JOSE DE OCUNE
99773,CUMARIBO